level,term,minecraft_sentence,minecraft_translation
1,a,I need **a** crafting table to make tools.,我需要**一個**工作台來製作工具。
1,an,You need **an** apple to cure the zombie villager.,你需要**一個**蘋果來治癒殭屍村民。
1,am,I **am** mining for diamonds right now.,我現在**正在**挖掘鑽石。
1,are,Creepers **are** afraid of cats.,苦力怕**是**害怕貓的。
1,arm,My **arm** is tired from punching trees.,我的**手臂**因為揮拳打樹而感到疲累。
1,at,Meet me **at** the village well.,在村莊的水井**處**跟我會合。
1,baby,A **baby** zombie is faster than a normal one.,**嬰兒**殭屍比一般的殭屍跑得更快。
1,bad,The Wither gives you a **bad** effect.,凋靈會給你**不好的**狀態效果。
1,ball,Throw a snow**ball** to push the mob back.,丟一顆雪**球**把生物推回去。
1,bed,You cannot sleep in a **bed** when monsters are nearby.,當怪物在附近時，你不能睡在**床**上。
1,big,The Ravager is a very **big** beast.,劫毀獸是一隻非常**巨大的**野獸。
1,bird,A parrot is a colorful **bird** in the jungle.,鸚鵡是叢林裡色彩繽紛的**鳥**。
1,boy,Steve is the main **boy** character.,史蒂夫是主要的**男性**角色。
1,bus,"We travel by minecart, not by **bus**.",我們搭礦車旅行，而不是搭**公車**。
1,car,There is no **car** to drive in this world.,在這個世界裡沒有**車**可以開。
1,card,"Use a map, not a **card**, to find your way.",用地圖，而不是**卡片**，來尋找你的路。
1,cat,Tame a **cat** with raw fish.,用生魚馴服一隻**貓**。
1,come,Zombies **come** out at night.,殭屍在晚上**出**來。
1,cup,"I don't have a **cup**, just a bucket.",我沒有**杯子**，只有一個水桶。
1,desk,Put the book on the **desk**.,把書放在**書桌**上。
1,do,What do you want to **do** today?,你今天想要**做**什麼？
1,dog,Give the **dog** a bone to tame it.,給**狗**一根骨頭來馴服牠。
1,door,Zombies can break a wooden **door**.,殭屍可以打破木**門**。
1,ear,The Warden can hear you with its **ear**.,伏守者可以用牠的**耳朵**聽見你的聲音。
1,egg,Throw an **egg** to hatch a chicken.,丟一顆**蛋**來孵出小雞。
1,eight,You need **eight** cobblestones to make a furnace.,你需要**八**個鵝卵石來製作熔爐。
1,eye,The **Eye** of Ender leads to the stronghold.,終界之**眼**會指引到要塞。
1,fat,Pigs look a bit **fat** and cute.,豬看起來有點**胖**而且可愛。
1,fine,"The weather is **fine**, no rain today.",天氣很**好**，今天沒有下雨。
1,five,I have **five** emeralds to trade.,我有**五**顆綠寶石可以交易。
1,food,Cook your **food** in the furnace.,在熔爐裡烹飪你的**食物**。
1,four,One log makes **four** planks.,一根原木可以做成**四**塊木板。
1,girl,Alex is the default **girl** skin.,艾力克斯是預設的**女孩**外觀。
1,go,Let's **go** to the Nether.,我們**去**下界吧。
1,good,Golden apples give **good** effects.,金蘋果會給予**好的**效果。
1,great,This is a **great** place for a base.,這是一個蓋基地的**絕佳**地點。
1,he,**He** is wearing diamond armor.,**他**穿著鑽石盔甲。
1,here,Place the torch right **here**.,把火把剛好插在**這裡**。
1,home,Use a compass to find your way **home**.,使用指南針找到回**家**的路。
1,hot,Lava is very **hot**.,岩漿非常**熱**。
1,how,**How** do I craft a sword?,我**如何**製作一把劍？
1,I,**I** want to fight the Ender Dragon.,**我**想要挑戰終界龍。
1,in,Put the diamonds **in** the chest.,把鑽石放**進**箱子裡。
1,is,This **is** my first survival world.,這**是**我的第一個生存世界。
1,it,Hit the button to activate **it**.,按下按鈕來啟動**它**。
1,job,Every villager has a specific **job**.,每個村民都有一份特定的**工作**。
1,jog,You can **jog** across the infinite plains.,你可以慢跑穿過這片無盡的平原。
1,kid,The **kid** villager plays tag.,**小孩**村民在玩鬼抓人。
1,king,There is no **king** in the village.,村莊裡沒有**國王**。
1,leg,Leggings protect your **leg**.,護腿保護你的**腿**。
1,lion,I wish there was a **lion** in the savanna.,我希望莽原生態域裡有**獅子**。
1,love,Villagers show hearts when they **love** each other.,當村民彼此**相愛**時會出現愛心。
1,lunch,Eat some steak for **lunch**.,吃些牛排當**午餐**。
1,man,The wandering trader is a strange **man**.,流浪商人是一個奇怪的**男人**。
1,milk,Drink **milk** to remove poison.,喝**牛奶**來移除中毒狀態。
1,Miss,We don't say **Miss** to a witch.,我們不稱呼女巫為**小姐**。
1,moon,The **moon** rises and monsters spawn.,**月亮**升起，怪物生成。
1,Mr.,"Hello **Mr.** Villager, trade with me.",你好，村民**先生**，跟我交易吧。
1,Mrs.,Is there a **Mrs.** Farmer?,有農夫**太太**嗎？
1,Ms.,"Not **Ms.**, just Alex.",不是**女士**，只是艾力克斯。
1,name,Use a tag to give your pet a **name**.,使用命名牌給你的寵物一個**名字**。
1,neck,The Enderman has a long **neck**.,終界使者有長長的**脖子**。
1,new,Create a **new** world.,創造一個**新的**世界。
1,nice,That is a **nice** skin you have.,你只有一個**很棒的**外觀皮膚。
1,nine,The hotbar has **nine** slots.,快捷欄有**九**個格子。
1,no,There are **no** diamonds here.,這裡**沒有**鑽石。
1,nose,The villager has a big **nose**.,村民有個大**鼻子**。
1,not,Do **not** dig straight down!,**不要**垂直向下挖！
1,now,Sleep **now** to skip the night.,**現在**睡覺來跳過夜晚。
1,OK,Is it **OK** to steal from the village?,偷拿村莊的東西是**可以的**嗎？
1,one,You only have **one** life in Hardcore mode.,在極限模式中你只有**一**條命。
1,or,Do you want a sword **or** a pickaxe?,你想要劍**還是**鎬？
1,pen,"We use a feather, not a **pen**, to write.",我們用羽毛，而不是**原子筆**來寫字。
1,pet,My **pet** wolf follows me everywhere.,我的**寵物**狼到處跟著我。
1,picture,Hang a **picture** on the wall for decoration.,在牆上掛一幅**畫**當作裝飾。
1,pie,Pumpkin **pie** restores hunger.,南瓜**派**可以恢復飢餓值。
1,pig,Put a saddle on the **pig** to ride it.,在**豬**身上放鞍來騎牠。
1,red,Redstone dust is **red**.,紅石粉是**紅色的**。
1,room,Build a secret **room** for your treasures.,為你的寶藏蓋一間秘密**房間**。
1,run,**Run** away from the Creeper!,快**跑**離苦力怕遠一點！
1,sad,The ghast makes a **sad** sound.,惡魂發出**悲傷的**聲音。
1,say,Use chat to **say** hello.,使用聊天欄來**說**你好。
1,seven,Level **seven** is not enough for this enchantment.,**七**等對這個附魔來說不夠。
1,she,**She** built a castle in the sky.,**她**在空中蓋了一座城堡。
1,sit,Right-click the wolf to make it **sit**.,對狼點右鍵讓牠**坐下**。
1,six,You need **six** planks for a trapdoor.,你需要**六**塊木板來做活板門。
1,sky,Don't build too high into the **sky**.,不要蓋太高進到**天空**裡。
1,sun,Zombies burn in the **sun**.,殭屍在**太陽**下會燃燒。
2,air,You will lose **air** bubbles when you swim underwater.,當你在水下游泳時，你會失去**空氣**氣泡。
2,and,I have a sword **and** a shield.,我有一把劍**和**一個盾牌。
2,ant,There are no **ant** mobs in vanilla Minecraft.,原版 Minecraft 中沒有**螞蟻**生物。
2,apple,An **apple** sometimes drops from oak leaves.,**蘋果**有時會從橡樹葉掉落。
2,bee,A **bee** will poison you if you attack it.,如果你攻擊**蜜蜂**，牠會讓你中毒。
2,birthday,Notch's **birthday** is on June 1st.,Notch 的**生日**是六月一日。
2,black,Ink sacs are used to make **black** dye.,墨囊被用來製作**黑色**染料。
2,box,A Shulker **Box** acts like a backpack.,界伏**盒**的作用就像背包一樣。
2,brother,My **brother** and I play on a multiplayer server.,我**哥哥**和我在多人伺服器上玩。
2,brown,Cocoa beans make **brown** dye.,可可豆可以製作**棕色**染料。
2,busy,Bees are **busy** collecting pollen.,蜜蜂**忙著**採集花粉。
2,but,"I have diamonds, **but** no wood.",我有鑽石，**但是**沒有木頭。
2,cake,"You need milk, sugar, egg, and wheat to craft a **cake**.",你需要牛奶、糖、蛋和小麥來製作**蛋糕**。
2,candy,"There is no **candy**, but we have cookies.",這裡沒有**糖果**，但我們有餅乾。
2,cap,Steve does not wear a **cap** by default.,史蒂夫預設不戴**鴨舌帽**。
2,chair,Use stairs to make a **chair**.,使用階梯來製作**椅子**。
2,classmate,I invited my **classmate** to my Realm.,我邀請我的**同學**來我的領域(Realm)。
2,classroom,We built a **classroom** in the village for roleplay.,我們在村莊裡蓋了一間**教室**來玩角色扮演。
2,clock,A **clock** shows the time of day.,**時鐘**顯示一天的時間。
2,close,**Close** the door so zombies don't get in!,**關**上門，這樣殭屍才不會進來！
2,coffee,Some mods add **coffee** beans.,有些模組增加了**咖啡**豆。
2,cola,This potion looks like **cola**.,這瓶藥水看起來像**可樂**。
2,color,Wool comes in many different **color**s.,羊毛有很多種不同的**顏色**。
2,cow,You can get milk from a **cow** with a bucket.,你可以用桶子從**牛**身上取得牛奶。
2,cute,The baby fox is very **cute**.,這隻狐狸寶寶非常**可愛**。
2,day,Monsters burn during the **day**.,怪物在**白天**會燃燒。
2,dear,"**Dear** Steve, please bring me diamonds.",**親愛的**史蒂夫，請帶鑽石給我。
2,dirty,Coarse dirt looks like **dirty** ground.,砂土看起來像**髒**地面。
2,doll,A totem looks like a small **doll**.,圖騰看起來像一個小**玩偶**。
2,draw,Draw back your bow to shoot further.,**拉**開你的弓以射得更遠。(註: draw 亦有畫畫之意，但在遊戲操作常指拉弓)
2,eat,You must **eat** to regenerate health.,你必須**吃**東西來恢復生命值。
2,English,Change the language to **English** in settings.,在設定中將語言更改為**英文**。
2,father,The **father** villager protects the baby.,**父親**村民保護著嬰兒。
2,flower,Iron Golems give a **flower** to baby villagers.,鐵魔像會送**花**給小村民。
2,fox,A **fox** can hold an item in its mouth.,**狐狸**嘴裡可以叼著物品。
2,friendly,Wolves are **friendly** after you tame them.,狼在你馴服牠們之後是**友善的**。
2,frog,A **frog** can eat small slimes.,**青蛙**可以吃掉小的史萊姆。
2,fruit,Chorus **fruit** teleports you randomly.,紫頌**果**會隨機傳送你。
2,give,Please **give** me some food.,請**給**我一些食物。
2,glue,Slime balls are sticky like **glue**.,史萊姆球像**膠水**一樣黏。
2,gray,Use an ink sac and bonemeal to make **gray** dye.,使用墨囊和骨粉來製作**灰色**染料。
2,green,Cactus is **green** and hurts you.,仙人掌是**綠色的**而且會傷害你。
2,ham,Cooked porkchop looks like **ham**.,熟豬排看起來像**火腿**。
2,hello,Say **hello** in the chat.,在聊天欄說**哈囉**。
2,hen,A female chicken is called a **hen**.,母雞被稱為 **hen**。
2,hey,**Hey**! Don't steal my loot.,**嘿**！不要偷我的戰利品。
2,hi,Type **hi** to greet the server.,打 **hi** 來跟伺服器的人打招呼。
2,hippo,You need a mod to spawn a **hippo**.,你需要模組才能生成**河馬**。
2,its,The wolf shakes **its** fur when wet.,狼濕的時候會甩**牠的**毛。
2,old,Mossy Cobblestone makes the build look **old**.,青苔鵝卵石讓建築看起來很**舊**。
2,on,Put a torch **on** the wall.,把火把插**在**牆**上**。
2,pencil,"I don't have a **pencil**, only a quill.",我沒有**鉛筆**，只有羽毛筆。
2,picnic,Let's have a **picnic** in the flower forest.,我們在繁花森林來場**野餐**吧。
2,pink,The **pink** sheep is very rare.,**粉紅**羊非常稀有。
2,please,**Please** don't kill my dog.,**拜託**不要殺我的狗。
2,read,**Read** the enchanted book to see the spell.,**閱讀**附魔書來查看咒語。
2,real,This map looks just like the **real** world.,這張地圖看起來就像**真實**世界。
2,rice,There is no **rice** farming in vanilla Minecraft.,原版 Minecraft 中沒有種**稻米**。
2,ROC,I built the **ROC** flag with wool.,我用羊毛蓋了**中華民國**國旗。
2,ruler,Use coordinates as a **ruler** to measure distance.,使用座標當作**尺**來測量距離。
2,sandwich,Bread and steak make a pretend **sandwich**.,麵包加牛排做成假裝的**三明治**。
2,school,My friends and I built a **school**.,我和朋友蓋了一間**學校**。
2,sea,Guardians live in the **sea** temple.,深海守衛住在**海**底神殿裡。
2,see,I can **see** a village in the distance.,我可以**看見**遠處有一個村莊。
2,sheep,Shear the **sheep** to get wool.,修剪**羊**毛以獲得羊毛。
2,ship,Find the sunken **ship** for treasure.,尋找沈**船**來獲得寶藏。
2,shirt,Steve wears a blue **shirt**.,史蒂夫穿著一件藍色**襯衫**。
2,short,The day is too **short** to finish building.,白天太**短**了，無法完成建築。
2,shy,Ocelots are **shy** and run away.,豹貓很**害羞**，會逃跑。
2,sing,Parrots **sing** and dance to music discs.,鸚鵡會隨著唱片音樂**唱歌**跳舞。
2,singer,The parrot is a good **singer**.,鸚鵡是一個很好的**歌手**。
2,sister,My **sister** likes to farm crops.,我**妹妹**喜歡種植農作物。
2,slow,Soul Sand makes you walk **slow**.,靈魂砂讓你走得**慢**。
2,small,Baby zombies are **small** and fast.,小殭屍很**小**而且很快。
2,sofa,Use stairs and signs to make a **sofa**.,使用階梯和告示牌來製作**沙發**。
2,son,The baby zombie looks like the **son** of the zombie.,小殭屍看起來像殭屍的**兒子**。
2,song,Play a **song** on the jukebox.,在唱片機上放一首**歌**。
2,soup,Mushroom **soup** restores hunger.,蘑菇**湯**恢復飢餓值。
2,stand,Use an armor **stand** to hold your gear.,使用盔甲**架**來放你的裝備。
2,store,Build a **store** to trade with players.,蓋一間**商店**跟玩家交易。
2,student,I am a redstone **student**.,我是一個紅石**學生**。
2,study,**Study** the crafting recipes.,**研讀**合成配方。
2,table,Crafting **table** is essential.,工作**台**是必須的。
2,talk,"Villagers cannot **talk**, they only make sounds.",村民不會**說話**，他們只會發出聲音。
2,teacher,The librarian acts like a **teacher**.,圖書管理員表現得像一位**老師**。
2,thank,**Thank** you for the diamonds!,**謝謝**你的鑽石！
2,these,**These** boots are enchanted.,**這些**靴子有附魔。
2,those,**Those** phantoms are annoying.,**那些**幻翼很煩人。
2,toe,Be careful not to stub your **toe** on the bedrock.,小心不要踢到基岩傷了**腳趾**。
2,under,Dig **under** the ground.,挖到地**下**。
2,USA,Some servers are hosted in the **USA**.,有些伺服器架設在**美國**。
2,very,Obsidian is **very** hard to break.,黑曜石**非常**難破壞。
2,want,I **want** to tame a horse.,我**想要**馴服一匹馬。
2,wash,Cauldrons can **wash** dye off leather armor.,鍋釜可以洗**掉**皮革盔甲上的染料。
2,week,A Minecraft **week** is much faster than real life.,Minecraft 的一**週**比現實生活快得多。
2,white,Skeletons are **white**.,骷髏是**白色的**。
2,woman,Alex is a **woman** character.,艾力克斯是一個**女性**角色。
2,year,I have played this world for one **year**.,我玩這個世界一**年**了。
2,yellow,Gold ingots are **yellow**.,金錠是**黃色的**。
2,zoo,I collected all mobs to make a **zoo**.,我收集了所有生物來打造一個**動物園**。
3,a.m.,Monsters burn at 6 **a.m.** when the sun rises.,當早上六點太陽升起時，怪物會燃燒。
3,about,Think **about** your next build design.,思考**關於**你的下一個建築設計。
3,after,"**After** you mine the ore, smelt it.",在你挖掘礦石**之後**，將它熔煉。
3,afternoon,I usually farm crops in the **afternoon**.,我通常在**下午**種植農作物。
3,ago,I found this village three days **ago**.,我在三天**前**發現了這個村莊。
3,America,Captain **America** is a popular skin choice.,**美國**隊長是一個受歡迎的外觀選擇。
3,animal,Breed the **animal**s to get more food.,繁殖**動物**以獲得更多食物。
3,any,Do you have **any** wood left?,你還剩下**任何**木頭嗎？
3,ask,**Ask** the server admin for help.,**詢問**伺服器管理員尋求幫助。
3,autumn,The trees turn orange in an **autumn** texture pack.,在**秋天**材質包中，樹木會變成橘色。
3,bag,A bundle works like a small **bag**.,收納袋就像一個小**袋子**。
3,banana,There is no **banana** in the default game.,在預設遊戲中沒有**香蕉**。
3,beef,Cook raw **beef** to make steak.,烹飪生**牛肉**來製作牛排。
3,bicycle,You can build a fake **bicycle** with wool.,你可以用羊毛蓋一個假的**腳踏車**。
3,bike,Ride a pig like a **bike**.,像騎**腳踏車**一樣騎豬。
3,body,Armor covers your **body**.,盔甲覆蓋你的**身體**。
3,breakfast,Eat bread for **breakfast** in the game.,在遊戲中吃麵包當**早餐**。
3,chalk,Bedrock edition has **chalk** boards in Education mode.,基岩版的教育模式中有黑板(**粉筆**板)。
3,child,A zombie villager **child** is very dangerous.,殭屍村民**小孩**非常危險。
3,coat,The sheep has a thick **coat** of wool.,這隻羊有一層厚厚的羊毛**外衣**。
3,computer,I play Minecraft on my **computer**.,我用我的**電腦**玩 Minecraft。
3,cookie,Craft a **cookie** with cocoa beans and wheat.,用可可豆和小麥製作**餅乾**。
3,cooky,A **cooky** restores very little hunger.,**餅乾**恢復非常少的飢餓值。
3,cry,Obsidian creates a **cry**ing sound when placed.,(註：原文Crying Obsidian為哭泣黑曜石) 哭泣黑曜石會發出**哭泣**聲。
3,dad,My **dad** helps me mine diamonds.,我**爸爸**幫我挖鑽石。
3,daddy,"Look **daddy**, I built a house!",看**爸爸**，我蓋了一間房子！
3,dance,Parrots **dance** near a jukebox.,鸚鵡會在唱片機附近**跳舞**。
3,die,"If you fall into the void, you will **die**.",如果你掉進虛空，你會**死**。
3,dining room,Put a table and chairs in the **dining room**.,在**飯廳**放一張桌子和椅子。
3,dinner,We are having roast chicken for **dinner**.,我們**晚餐**吃烤雞。
3,dollar,"Villagers trade emeralds, not a **dollar**.",村民交易綠寶石，不是**美金**。
3,down,Dig **down** carefully.,小心地往**下**挖。
3,dress,You can customize your skin's **dress**.,你可以自訂你皮膚的**洋裝**。
3,drink,**Drink** a potion of healing.,**喝**一瓶治療藥水。
3,drive,You can **drive** a boat on ice very fast.,你可以在冰上非常快地**駕駛**船。
3,dry,"A sponge becomes wet, not **dry**, in water.",海綿在水裡會變濕，不是**乾的**。
3,duck,A chicken looks like a **duck** when swimming.,雞在游泳時看起來像**鴨子**。
3,elephant,Mods can add an **elephant** to the game.,模組可以把**大象**加進遊戲裡。
3,eleven,Music Disc **11** is very scary.,音樂唱片 **11** 號非常可怕。
3,eraser,Use the /kill command as a mob **eraser**.,使用 /kill 指令當作生物**橡皮擦**。
3,evening,The sun sets in the **evening**.,太陽在**傍晚**下山。
3,every,Check **every** chest for loot.,檢查**每一個**箱子裡的戰利品。
3,family,Villagers live together like a **family**.,村民像**家庭**一樣住在一起。
3,feel,I **feel** safe inside my base.,在我的基地裡我**覺得**安全。
3,fly,Use elytra to **fly** in survival mode.,在生存模式中使用鞘翅來**飛行**。
3,friend,Do not hit your **friend**.,不要打你的**朋友**。
3,good-bye,Say **good-bye** before logging off.,登出前說**再見**。
3,hair,Endermen have no **hair**.,終界使者沒有**頭髮**。
3,hand,Hold a torch in your off **hand**.,在你的副**手**拿著火把。
3,hat,Wear a leather **hat** (helmet).,戴上一頂皮革**帽**(頭盔)。
3,head,A zombie **head** can be worn as a mask.,殭屍**頭**顱可以當作面具戴。
3,help,Iron Golems **help** defend the village.,鐵魔像**幫忙**防衛村莊。
3,horse,You need a saddle to ride a **horse**.,你需要一個鞍來騎**馬**。
3,hot dog,"There is no **hot dog**, only cooked porkchop.",沒有**熱狗**，只有熟豬排。
3,hour,One real **hour** is three Minecraft days.,現實的一**小時**是 Minecraft 的三天。
3,house,Build a dirt **house** for the first night.,第一晚蓋一間泥土**房子**。
3,hungry,Running makes you **hungry** faster.,跑步讓你餓得更**快**。
3,ice,Walking on **ice** is slippery.,走在**冰**上很滑。
3,ice cream,We pretend snowballs are **ice cream**.,我們假裝雪球是**冰淇淋**。
3,into,Don't fall **into** the lava.,不要掉**進**岩漿裡。
3,invite,**Invite** players to your team.,**邀請**玩家加入你的隊伍。
3,join,**Join** the server to play.,**加入**伺服器開始遊玩。
3,juice,Sweet berries look like they have **juice**.,甜莓果看起來像有**果汁**。
3,kick,The admin can **kick** bad players.,管理員可以**踢**出不好的玩家。
3,kiss,Villagers appear to **kiss** when breeding.,村民繁殖時看起來像在**親吻**。
3,kitchen,Put a furnace and smoker in the **kitchen**.,在**廚房**放熔爐和煙燻爐。
3,kite,A phantom flies like a **kite**.,幻翼飛起來像個**風箏**。
3,learn,**Learn** how to use redstone.,**學習**如何使用紅石。
3,money,Emeralds are the **money** of villagers.,綠寶石是村民的**錢**。
3,morning,Sleep until **morning**.,睡覺直到**早晨**。
3,need,I **need** three wool to make a bed.,我**需要**三個羊毛來做一張床。
3,o'clock,It is 12 **o'clock** noon in the game.,現在是遊戲中的中午十二**點鐘**。
3,p.m.,Sunset is around 6 **p.m.**.,日落大約在下午六**點**。
3,really,This texture pack is **really** cool.,這個材質包**真**酷。
3,salt,Some mods add **salt** ore.,有些模組增加了**鹽**礦。
3,sleep,You can only **sleep** during thunderstorms.,你只能在雷雨天(或晚上)**睡覺**。
3,spell,An enchanting table gives a magic **spell**.,附魔台給予魔法**咒語**。
3,star,The Nether **Star** is dropped by the Wither.,下界之**星**由凋靈掉落。
3,start,**Start** mining a tree first.,**開始**先挖一棵樹。
3,telephone,Note blocks can sound like a **telephone**.,音符盒聽起來可以像**電話**。
3,phone,I don't have a **phone** in game.,我在遊戲裡沒有**電話**。
3,there,Go over **there** to the mountain.,去**那邊**的那座山。
3,together,Let's build a castle **together**.,我們**一起**蓋一座城堡吧。
3,train,Link minecarts to make a **train**.,連接礦車來做成一列**火車**。
3,trip,Pack food for your mining **trip**.,為你的挖礦**旅程**打包食物。
3,truck,This minecart with chest looks like a **truck**.,這個箱子礦車看起來像一台**卡車**。
3,try,**Try** to jump over the ravine.,**嘗試**跳過這個峽谷。
3,up,Build **up** to the sky limit.,往**上**蓋到天空高度限制。
3,wait,**Wait** for the wheat to grow.,**等待**小麥生長。
3,wear,**Wear** gold armor in the Nether.,在下界**穿**金盔甲。
3,weather,Clear the **weather** with a command.,用指令清除**天氣**。
3,when,**When** do we fight the dragon?,我們**何時**去打龍？
3,where,**Where** is your respawn point?,你的重生點在**哪裡**？
3,why,**Why** did the creeper explode?,**為什麼**苦力怕爆炸了？
3,with,Cut the wood **with** an axe.,**用**斧頭砍木頭。
3,word,Type a **word** on the sign.,在告示牌上打一個**字**。
3,work,The villagers **work** at their stations.,村民在他們的工作站**工作**。
3,worker,The librarian is a hard **worker**.,圖書管理員是一個努力的**工作者**。
3,write,**Write** a story in the book and quill.,在書與筆中**寫**一個故事。
3,yesterday,I tamed a cat **yesterday**.,我**昨天**馴服了一隻貓。
3,zero,The coordinate is at level **zero**.,座標在高度**零**。
3,true,It is **true** that Herobrine is a myth.,Herobrine 是一個傳說這件事是**真的**。
4,be,Be careful near the ravine.,在峽谷附近要小心。
4,bookstore,The librarian villager works in a **bookstore**.,圖書管理員村民在**書店**工作。
4,bread,Three wheat make one **bread**.,三個小麥做成一個**麵包**。
4,buy,**Buy** diamond tools from the smith.,跟鐵匠**買**鑽石工具。
4,cellphone,"We use chat, not a **cellphone**, to talk.",我們用聊天欄，不是用**手機**，來交談。
4,city,Explore the Ancient **City** deep underground.,探索深埋地下的遠古**城市**。
4,date,Check the F3 screen for the game **date**.,查看 F3 螢幕上的遊戲**日期** (天數)。
4,dig,**Dig** straight down is dangerous.,垂直往于**挖**是危險的。
4,dish,Mushroom stew is a tasty **dish**.,蘑菇煲是一道好吃的**菜餚**。
4,does,**Does** the villager have Mending?,這個村民**有**修補附魔嗎？
4,eighteen,Experience level **eighteen** is low.,經驗等級**十八**算低的。
4,eighty,I have **eighty** iron ingots.,我有**八十**個鐵錠。
4,even,Make the wall **even** on both sides.,讓兩邊的牆壁**平整**。
4,fall,Feather Falling boots reduce **fall** damage.,羽落靴子減少**墜落**傷害。
4,feed,**Feed** wheat to the cows to breed them.,**餵**牛吃小麥來繁殖牠們。
4,fifteen,Redstone signal goes **fifteen** blocks.,紅石訊號傳遞**十五**格。
4,fifty,Y level **fifty** is deep underground.,Y 軸高度**五十**是在地底深處。
4,forty,I mined **forty** gold ore.,我挖了**四十**個金礦。
4,fourteen,Obsidian takes **fourteen** seconds to mine by hand.,(註：大約時間) 用手挖黑曜石需要**十四**秒。
4,from,This loot is **from** a dungeon.,這戰利品是**來自**地牢。
4,grandfather,This old map belongs to my **grandfather**.,這張舊地圖屬於我的**祖父**。
4,grandpa,Grandpa** plays Minecraft with me.,**爺爺**跟我一起玩 Minecraft。
4,grandmother,The witch looks like a scary **grandmother**.,女巫看起來像個可怕的**祖母**。
4,grandma,I built a garden for **grandma**.,我為**奶奶**蓋了一座花園。
4,homework,Finish your **homework** before playing.,玩遊戲前先完成你的**功課**。
4,long,The grass is too **long** here.,這裡的草太**長**了。
4,movie,We are making a Minecraft **movie**.,我們正在製作一部 Minecraft **電影**。
4,never,**Never** look an Enderman in the eyes.,**絕不**要看終界使者的眼睛。
4,news,The update **news** is exciting.,更新**新聞**令人興奮。
4,newspaper,Map art can look like a **newspaper**.,地圖畫可以看起來像一份**報紙**。
4,nineteen,I have **nineteen** arrows left.,我剩下**十九**支箭。
4,ninety,The tower is **ninety** blocks tall.,這座塔有**九十**格高。
4,of,A stack **of** wood is 64.,一組木頭**是** 64 個。
4,office,I built an **office** for my villagers.,我為我的村民蓋了一間**辦公室**。
4,out,Get **out** of the water!,從水裡**出**來！
4,page,Turn the **page** of the lectern book.,翻**頁**講台上的書。
4,paper,Sugar cane is used to make **paper**.,甘蔗被用來製作**紙**。
4,part,Redstone is a hard **part** of the game.,紅石是遊戲中困難的**部分**。
4,pay,You must **pay** emeralds for the trade.,你必須**付**綠寶石來交易。
4,pork,Raw **pork** chop comes from pigs.,生**豬肉**排來自豬。
4,restaurant,Let's build a **restaurant** in the city.,我們在城市裡蓋一間**餐廳**吧。
4,road,Follow the gravel **road** to the village.,沿著礫石**路**走到村莊。
4,salad,"There is no **salad**, just soup.",這裡沒有**沙拉**，只有湯。
4,same,All creepers look the **same**.,所有的苦力怕看起來都**一樣**。
4,season,Mods can add a **season** change like winter.,模組可以增加像冬天這樣的**季節**變化。
4,send,**Send** a message in the chat.,在聊天欄**傳送**訊息。
4,seventeen,I found **seventeen** diamonds today.,我今天找到了**十七**顆鑽石。
4,seventy,I need **seventy** levels to enchant this.,我需要**七十**等來附魔這個。
4,sir,"Yes **sir**, I will mine the stone.",是的**長官**，我會去挖石頭。
4,sixteen,Snowballs stack to **sixteen**.,雪球堆疊上限是**十六**。
4,sixty,One minute is **sixty** seconds.,一分鐘是**六十**秒。
4,size,Slimes come in three **size**s.,史萊姆有三種**大小**。
4,skirt,You can draw a **skirt** on your skin.,你可以在你的皮膚上畫一條**裙子**。
4,smart,Villagers are not very **smart**.,村民不是很**聰明**。
4,smell,The Warden can **smell** you.,伏守者可以**聞**到你。
4,snack,Dried kelp is a quick **snack**.,海帶乾是一種快速的**點心**。
4,snake,Silverfish move like a **snake**.,蠹魚移動起來像一條**蛇**。
4,snow,Powder **snow** can freeze you.,細**雪**會讓你結凍。
4,so,The lava is **so** hot.,岩漿**好**熱。
4,soccer,Push the slime ball like **soccer**.,像踢**足球**一樣推史萊姆球。
4,socks,Boots are like hard **socks**.,靴子就像硬的**襪子**。
4,some,I need **some** coal for torches.,我需要**一些**煤炭做火把。
4,soon,Night is coming **soon**.,夜晚**很快**就要來了。
4,sound,Note blocks make a musical **sound**.,音符盒發出音樂的**聲音**。
4,speak,Villagers don't **speak** English.,村民不**說**英文。
4,sports,PvP is like e-**sports**.,玩家對戰就像電子**競技**。
4,spring,Flowers bloom in the **spring**.,花在**春天**盛開。
4,station,Go to the brewing **station**.,去釀造**台**(站)。
4,stay,**Stay** inside at night.,晚上**待**在裡面。
4,steak,**Steak** fills the hunger bar well.,**牛排**能很好地填補飢餓條。
4,still,Stand **still** so I can heal you.,站著**不動**讓我治療你。
4,stop,**Stop** the water with a block.,用方塊**停止**水流。
4,street,Light up the **street** with lamps.,用燈照亮**街道**。
4,strong,Netherite armor is very **strong**.,安山岩(誤: 應為獄髓)盔甲非常**強壯**。(修正: 獄髓 Netherite)
4,sugar,**Sugar** is used for speed potions.,**糖**被用來做速度藥水。
4,summer,Deserts feel like endless **summer**.,沙漠感覺像無盡的**夏天**。
4,sunny,I like clear **sunny** weather.,我喜歡晴朗的**豔陽**天氣。
4,supermarket,The trading hall is like a **supermarket**.,交易大廳就像一間**超市**。
4,sure,Are you **sure** you have the map?,你**確定**你有地圖嗎？
4,sweet,**Sweet** berries grow in the taiga.,**甜**莓果生長在針葉林。
4,swim,**Swim** fast with dolphins.,跟海豚一起快速**游泳**。
4,tape,"We don't use **tape**, we use slime.",我們不用**膠帶**，我們用史萊姆。
4,television,Make a **television** with painting and wool.,用畫和羊毛做一台**電視**。
4,TV,My **TV** screen is too dark.,我的**電視**螢幕太暗了。
4,thirsty,There is no **thirsty** bar in vanilla.,原版遊戲裡沒有**口渴**條。
4,thirteen,Disc **13** is creepy.,**13** 號唱片很毛骨悚然。
4,thirty,I have **thirty** levels for enchanting.,我有**三十**等可以用來附魔。
4,this,**This** is my base.,**這**是我的基地。
4,tomorrow,We will raid the End **tomorrow**.,我們**明天**去突襲終界。
4,twelve,Daylight lasts about **twelve** minutes.,日光大約持續**十二**分鐘 (註: 實際白天10分鐘，加日落約12)。
4,twenty,A full stack of food is not **twenty**.,一組完整的食物不是**二十**個。
4,use,**Use** the crafting table.,**使用**工作台。
4,vacation,Take a **vacation** to the mushroom island.,去蘑菇島度**假**。
4,vegetable,Carrot is a healthy **vegetable**.,紅蘿蔔是健康的**蔬菜**。
4,visit,**Visit** the village to trade.,**拜訪**村莊去交易。
4,wall,Build a **wall** to keep mobs out.,蓋一道**牆**把怪擋在外面。
4,warm,Lava makes the room **warm**.,岩漿讓房間很**溫暖**。
4,weekend,I play all **weekend**.,我整個**週末**都在玩。
4,wet,Sponges stop being **wet** in the furnace.,海綿在熔爐裡就不再是**濕的**。
4,which,**Which** sword is better?,**哪**一把劍比較好？
4,wind,Wind charge creates a gust of **wind**.,風彈產生一陣**風**。
4,window,Glass panes make a good **window**.,玻璃片可以做成很好的**窗戶**。
4,winter,Stray skeletons appear in **winter** biomes.,流浪骷髏出現在**冬天**的生態域。
4,wonderful,The shader makes the view **wonderful**.,光影讓景色變得很**美好**。
4,worry,Don't **worry** about the phantoms.,別**擔心**幻翼。
4,writer,The book **writer** signed the copy.,這本書的**作者**簽名了副本。
4,wrong,That is the **wrong** recipe.,那是**錯的**配方。
4,young,The **young** villager wants to play.,**年輕的**村民想要玩耍。
5,a few,I have **a few** diamonds in my chest.,我的箱子裡有**一些**鑽石。
5,a little,The baby zombie is **a little** faster.,小殭屍有**一點**比較快。
5,a lot,There are **a lot** of mobs in the dark.,黑暗中有**很多**怪物。
5,afraid,Villagers are **afraid** of zombies.,村民**害怕**殭屍。
5,again,Try to jump **again**.,**再**試著跳一次。
5,all,Collect **all** the wood.,收集**所有**的木頭。
5,always,The sun **always** rises in the east.,太陽**總是**從東方升起。
5,answer,**Answer** my question in the chat.,在聊天欄**回答**我的問題。
5,anyone,Is **anyone** on the server?,有**任何人**在伺服器上嗎？
5,anybody,Does **anybody** have food?,有**任何人**有食物嗎？
5,anything,You can build **anything** you want.,你可以建造**任何**你想要的東西。
5,away,Stay **away** from the Creeper!,離苦力怕遠**一點**！(保持距離)
5,back,Come **back** to the spawn point.,**回**到重生點。
5,bake,**Bake** a cake for the party.,為派對**烤**一個蛋糕。
5,basket,A composter looks like a **basket**.,堆肥桶看起來像一個**籃子**。
5,become,"Rotten flesh helps you **become** full, but hungry.",腐肉讓你**變**飽，但會飢餓。
5,before,Sleep **before** night comes.,在夜晚來臨**之前**睡覺。
5,begin,Let the raid **begin**.,讓襲擊**開始**吧。
5,blue,Lapis Lazuli is **blue**.,青金石是**藍色的**。
5,both,**Both** swords are enchanted.,**兩**把劍都有附魔。
5,butter,Gold ingots look like **butter**.,金錠看起來像**奶油**。
5,careful,Be **careful** with the TNT.,對 TNT 要**小心**。
5,catch,**Catch** a fish with a fishing rod.,用釣竿**抓**一條魚。
5,chicken,Raw **chicken** can make you sick.,生**雞肉**會讓你生病。
5,class,Select your **class**: archer or warrior.,選擇你的**職業**：弓箭手或戰士。(RPG伺服器語境)
5,cloudy,The sky is **cloudy** today.,今天天空**多雲**。
5,cook,**Cook** the mutton in the smoker.,在煙燻爐裡**煮**羊肉。
5,cut,**Cut** the melon with shears.,用剪刀**切**西瓜。
5,daughter,The villager has no **daughter** mechanic.,村民沒有**女兒**的機制。
5,delicious,Golden carrots are **delicious**.,金蘿蔔很**美味**。
5,did,**Did** you find the diamonds?,你**有**找到鑽石嗎？
5,driver,You are the boat **driver**.,你是船的**駕駛**。
5,each,**Each** block is one meter.,**每個**方塊是一公尺。
5,early,Wake up **early** to hunt.,**早**起去打獵。
5,easy,Peaceful mode is **easy**.,和平模式很**容易**。
5,enjoy,**Enjoy** the view from the tower.,**享受**從塔上看出去的風景。
5,enough,I don't have **enough** iron.,我沒有**足夠的**鐵。
5,everybody,Hello **everybody**!,**大家**好！
5,everyone,**Everyone** needs armor.,**每個人**都需要盔甲。
5,everything,Take **everything** from the chest.,拿走箱子裡的**每樣東西**。
5,face,The ghast has a scary **face**.,惡魂有一張可怕的**臉**。
5,farm,Build a wheat **farm**.,蓋一個小麥**農場**。
5,fast,Ice makes the boat go **fast**.,冰讓船跑得**快**。
5,fire,Soul **fire** is blue.,靈魂**火**是藍色的。
5,first,Punch wood **first**.,**首先**打木頭。
5,fish,Tropical **fish** are colorful.,熱帶**魚**是色彩繽紛的。
5,forget,Don't **forget** your map.,別**忘記**你的地圖。
5,fork,A trident looks like a giant **fork**.,三叉戟看起來像一根巨大的**叉子**。
5,Friday,We play Survival Games on **Friday**.,我們在**星期五**玩生存遊戲。
5,frisbee,Music discs are like a **frisbee**.,唱片就像**飛盤**。
5,garden,Plant flowers in the **garden**.,在**花園**裡種花。
5,get,**Get** some wood.,**拿**一些木頭。
5,glad,I am **glad** you joined the server.,我很**高興**你加入伺服器。
5,goat,A **goat** can ram you off the mountain.,**山羊**可以把你撞下山。
5,gym,Practice fighting in the **gym** arena.,在**體育館**競技場練習戰鬥。
5,hard,Obsidian is **hard** to break.,黑曜石**很難**破壞。
5,hate,I **hate** phantoms.,我**討厭**幻翼。
5,hear,Can you **hear** the zombie growl?,你能**聽見**殭屍的吼聲嗎？
5,high,The build limit is very **high**.,建築高度限制非常**高**。
5,him,Give the sword to **him**.,把劍給**他**。
5,hop,Rabbits **hop** around.,兔子到處**跳**。
5,hope,I **hope** I find diamonds.,我**希望**我找到鑽石。
5,hotel,Villagers sleep in the **hotel**.,村民睡在**旅館**裡。
5,housewife,There is no **housewife** job for villagers.,村民沒有**家庭主婦**這個工作。
5,hundred,I dug a **hundred** blocks.,我挖了**一百**個方塊。
5,hurry,"**Hurry** up, the sun is setting!",**快**一點，太陽要下山了！
5,husband,Villagers do not have a **husband**.,村民沒有**丈夫**。
5,large,A **large** chest stores more items.,一個**大**箱子儲存更多物品。
5,last,This is my **last** arrow.,這是我**最後**一支箭。
5,left,Turn **left** at the cave.,在洞穴處向**左**轉。
5,lesson,This death taught me a **lesson**.,這次死亡給了我一個**教訓**。
5,lucky,You are **lucky** to find pink wool.,你很**幸運**找到粉紅色羊毛。
5,many,How **many** creepers are there?,那裡有**多少**隻苦力怕？
5,marker,Use a banner as a map **marker**.,使用旗幟當作地圖**標記**。
5,me,Follow **me**.,跟著**我**。
5,meet,**Meet** me at the Nether portal.,在下界傳送門**見**我。
5,Monday,Servers restart on **Monday**.,伺服器在**星期一**重啟。
5,monkey,We need a **monkey** mod.,我們需要一個**猴子**模組。
5,more,I need **more** cobblestone.,我需要**更多**鵝卵石。
5,Mother(mom mommy),Is there a **mother** slime?,有**媽媽**史萊姆嗎？
5,motorcycle,Horses are faster than a **motorcycle** here.,在這裡馬比**機車**還快。
5,mountain,Goats live on the **mountain**.,山羊住在**山**上。
5,mouth,The cave looks like a giant **mouth**.,這個洞穴看起來像一張巨大的**嘴巴**。
5,much,How **much** does this cost?,這要**多少**錢？
5,music,C418 makes great **music**.,C418 製作了很棒的**音樂**。
5,near,Don't build **near** the lava pool.,不要在岩漿池**附近**蓋東西。
5,night,Phantoms spawn at **night**.,幻翼在**晚上**生成。
5,noon,The sun is at the top at **noon**.,**中午**時太陽在頂端。
5,number,What is the seed **number**?,種子碼**號碼**是多少？
5,nurse,A cleric villager acts like a **nurse**.,牧師村民表現得像個**護士**。
5,often,I **often** mine for coal.,我**經常**挖煤礦。
5,once,I met Herobrine **once**.,我遇過 Herobrine **一次**。
5,only,I **only** have wooden tools.,我**只有**木製工具。
5,open,**Open** the inventory.,**打開**物品欄。
5,orange,Acacia wood is **orange**.,相思木是**橘色的**。
5,order,Sort your chest in **order**.,依照**順序**整理你的箱子。
5,other,Check the **other** side of the wall.,檢查牆壁的**另一**邊。
5,outside,It is dangerous **outside**.,**外面**很危險。
5,over,Jump **over** the fence.,跳**過**柵欄。
5,pants,Iron leggings look like **pants**.,鐵護腿看起來像**褲子**。
5,parent,Turtles are the **parent**s of the eggs.,海龜是蛋的**父母**。
5,party,Let's have a cake **party**.,我們來辦個蛋糕**派對**。
5,pass,**Pass** me the pickaxe.,**遞**給我那把鎬。
5,past,Walk **past** the village.,走**過**那個村莊。
5,people,Many **people** play Minecraft.,很多**人**玩 Minecraft。
5,person,First-**person** view is best for mining.,第一**人**稱視角最適合挖礦。
5,photo,Take a screen **photo** (screenshot).,拍一張螢幕**照片** (截圖)。
5,pick,**Pick** up the items.,**撿**起物品。
5,pin,Use a map marker as a **pin**.,使用地圖標記當作大頭**針**。
5,pizza,Make a **pizza** pixel art.,做一個**披薩**像素畫。
5,place,**Place** the block here.,**放置**方塊在這裡。
5,plan,I have a **plan** to beat the dragon.,我有一個打敗龍的**計畫**。
5,pool,Build a swimming **pool**.,蓋一座游泳**池**。
5,practice,**Practice** your aim with a bow.,用弓箭**練習**你的瞄準。
5,pray,Clerics **pray** at the brewing stand.,牧師在釀造台**祈禱** (工作)。
5,prepare,**Prepare** for battle.,為戰鬥**做準備**。
5,present,A shulker box is a great **present**.,界伏盒是一個很棒的**禮物**。
5,price,The **price** is 5 emeralds.,**價格**是 5 顆綠寶石。
5,problem,Lag is a big **problem**.,延遲是一個大**問題**。
5,pull,**Pull** the lever.,**拉**拉桿。
5,puppy,Tame a wolf to get a **puppy**.,馴服狼以獲得**小狗**。
5,purple,Amethyst geodes are **purple**.,紫水晶洞是**紫色的**。
5,push,Pistons **push** blocks.,活塞**推**動方塊。
5,queen,The Ender Dragon is the **queen** of the End.,終界龍是終界的**女王**。
5,question,Ask a **question** about crafting.,問一個關於合成的**問題**。
5,quick,"Be **quick**, the TNT is flashing!",**快**一點，TNT 在閃爍了！
5,rabbit,**Rabbit** stew gives jump boost.,**兔**肉煲給予跳躍提升。
5,radio,Note blocks act like a **radio**.,音符盒表現得像**收音機**。
5,rain,**Rain** puts out fire.,**雨**會澆熄火。
5,rainy,Fishing is better on **rainy** days.,在**下雨的**日子釣魚比較好。
5,remember,**Remember** your coordinates.,**記得**你的座標。
5,repeat,**Repeat** the redstone signal.,**重複** (中繼) 紅石訊號。
5,ride,**Ride** the pig with a saddle.,用鞍**騎**那隻豬。
5,right,Click the **right** mouse button.,點擊滑鼠**右**鍵。
5,robot,Redstone machines are like **robot**s.,紅石機器就像**機器人**。
5,rope,A lead is a **rope** for animals.,拴繩是給動物用的**繩子**。
5,row,Plant crops in a **row**.,將作物種成一**排**。
5,safe,My base is **safe** from mobs.,我的基地對怪物來說是**安全的**。
5,Saturday,I play all day on **Saturday**.,我**星期六**整天都在玩。
5,scared,I am **scared** of the deep dark.,我很**害怕**深淵。
5,second,Wait a **second**.,等一**秒**。
5,seed,Plant the wheat **seed**.,種下小麥**種子**。
5,seldom,I **seldom** see mushroom islands.,我**很少**看見蘑菇島。
5,senior high school,Redstone is harder than **senior high school** math.,紅石比**高中**數學還難。
5,several,I have **several** stacks of wood.,我有**好幾**組木頭。
5,shark,"There are no **shark**s, only dolphins.",沒有**鯊魚**，只有海豚。
5,shoe,My **shoe** broke (boots broke).,我的**鞋子**壞了 (靴子壞了)。
5,shoes,Diamond **shoes** are durable.,鑽石**鞋**很耐用。
5,shout,Don't **shout** in the chat (all caps).,不要在聊天欄**大叫** (全大寫)。
5,skate,**Skate** on the ice with a boat.,用船在冰上**滑行**。
5,smile,The skin has a nice **smile**.,這個皮膚有個好看的**微笑**。
5,snowman,Build a **snowman** with two snow blocks and a pumpkin.,用兩個雪塊和一顆南瓜做一個**雪人**。
5,sometimes,**Sometimes** witches drop potions.,**有時候**女巫會掉落藥水。
5,sorry,"**Sorry**, I took your iron.",**抱歉**，我拿了你的鐵。
5,spoon,A shovel is like a big **spoon**.,鏟子就像一支大**湯匙**。
5,stamp,Banner patterns are like a **stamp**.,旗幟圖案就像**印章**。
5,Sunday,I build on **Sunday**.,我在**星期日**建築。
5,surf,**Surf** the water with a boat.,用船在水上**衝浪**。
5,Taiwan,There is a map of **Taiwan**.,有一張**台灣**的地圖。
5,taxi,Pigs are a slow **taxi**.,豬是緩慢的**計程車**。
5,teach,**Teach** me how to PVP.,**教**我怎麼 PVP。
5,tell,**Tell** me the coordinates.,**告訴**我座標。
5,tennis,Hit the ghast ball like **tennis**.,像打**網球**一樣打擊惡魂火球。
5,test,**Test** the redstone machine.,**測試**這台紅石機器。
5,the,Go to **the** End.,去終界。
5,them,Fight **them** all.,跟**他們**全部戰鬥。
5,third,The **third** slot holds my sword.,**第三**格放我的劍。
5,Thursday,Nether update drops on **Thursday**.,下界更新在**星期四**發布。
5,ticket,Paper acts like a lottery **ticket**.,紙張扮演樂透**彩券**。
5,tiger,Ocelots look like a small **tiger**.,豹貓看起來像小**老虎**。
5,to,Go **to** sleep.,去睡覺。
5,tonight,We fight the Wither **tonight**.,我們**今晚**打凋靈。
5,town,Defend the **town** from raids.,保衛**城鎮**免受襲擊。
5,Tuesday,I mine on **Tuesday**.,我在**星期二**挖礦。
5,understand,I don't **understand** redstone comparators.,我不**了解**紅石比較器。
5,unhappy,Villagers are **unhappy** if you hit them.,如果你打村民，他們會**不開心**。
5,us,Zombies want to eat **us**.,殭屍想要吃**我們**。
5,usually,I **usually** carry a water bucket.,我**通常**會帶水桶。
5,waiter,The villager looks like a **waiter**.,村民看起來像**服務生**。
5,waitress,Is there a **waitress** skin?,有**女服務生**的皮膚嗎？
5,was,Herobrine **was** never real.,Herobrine 從來不**是**真的。
5,watch,**Watch** the sunset.,**觀看**日落。
5,Wednesday,Snapshot day is **Wednesday**.,快照日是**星期三**。
5,welcome,**Welcome** to my server.,**歡迎**來到我的伺服器。
5,well,There is a **well** in the village.,村莊裡有一口**井**。
5,were,Where **were** you?,你剛剛在**哪裡**？
5,wife,Steve does not have a **wife**.,史蒂夫沒有**老婆**。
5,win,**Win** the Bedwars game.,**贏**得這場起床戰爭。
5,windy,It is **windy** on the high hills.,在高山上風**很大**。
5,yard,Build a **yard** for your animals.,為你的動物蓋一個**庭院**。
5,your,Protect **your** bed.,保護**你的**床。
6,age,What is the **age** of this server?,這個伺服器的**年齡** (營運時間) 是多久？
6,agree,Do you **agree** to the server rules?,你**同意**伺服器規則嗎？
6,airplane,Build a model **airplane** in the sky.,在天空中蓋一個**飛機**模型。
6,plane,Jump off the **plane** (elytra course).,從**飛機** (鞘翅跑道) 上跳下來。
6,airport,The clearing looks like an **airport**.,這片空地看起來像個**機場**。
6,also,I need wood and **also** stone.,我需要木頭**也**需要石頭。
6,angry,Endermen get **angry** if you stare.,如果你盯著看，終界使者會**生氣**。
6,another,Let's find **another** village.,我們找**另一個**村莊吧。
6,apartment,My base looks like an **apartment**.,我的基地看起來像一間**公寓**。
6,April,April Fools' updates are funny.,**四月**愚人節更新很有趣。
6,artist,Map art creators are true **artist**s.,地圖畫創作者是真正的**藝術家**。
6,August,Minecon is sometimes in **August**.,Minecon 有時候在**八月**舉辦。
6,bakery,I built a **bakery** to sell bread.,我蓋了一間**麵包店**來賣麵包。
6,baseball,Use a stick as a **baseball** bat.,用木棍當作**棒球**棒。
6,basketball,Throw the item into the hopper like **basketball**.,像打**籃球**一樣把物品丟進漏斗。
6,bath,Take a **bath** in the cauldron.,在鍋釜裡洗**澡**。
6,bathroom,Decorate the **bathroom** with quartz.,用石英裝飾**浴室**。
6,beach,Turtles lay eggs on the **beach**.,海龜在**海灘**上產卵。
6,beautiful,The sunset shaders are **beautiful**.,夕陽光影很**美麗**。
6,because,I died **because** of lag.,我死掉了**因為**延遲。
6,bedroom,Place your bed in the **bedroom**.,把你的床放在**臥室**。
6,believe,I don't **believe** you found diamonds.,我不**相信**你找到了鑽石。
6,between,Place a block **between** the two chests.,在兩個箱子**中間**放一個方塊。
6,blanket,The bed has a red **blanket**.,這張床有紅色的**毯子** (被子)。
6,blow,Creepers **blow** up everything.,苦力怕會**炸**掉所有東西。
6,boat,Craft a **boat** to cross the ocean.,製作一艘**船**來橫渡海洋。
6,borrow,Can I **borrow** your pickaxe?,我可以**借**你的鎬嗎？
6,boss,The Wither is a hard **boss**.,凋靈是一個困難的**魔王**。
6,bottle,Fill the **bottle** with water.,把**瓶子**裝滿水。
6,bottom,Dig to the **bottom** of the world.,挖到世界的**底部**。
6,bun,This texture pack makes bread look like a **bun**.,這個材質包讓麵包看起來像一個**小餐包**。
6,camera,Use spectator mode as a **camera**.,使用旁觀者模式當作**攝影機**。
6,camp,Set up a **camp** fire.,架設一個**營**火。
6,care,Take **care** of your wolves.,照**顧**好你的狼。
6,cent,"Villagers don't use a **cent**, only emeralds.",村民不用**分** (錢)，只用綠寶石。
6,chance,There is a small **chance** to get a trident.,有很小的**機率**獲得三叉戟。
6,cheap,Dirt is very **cheap**.,泥土非常**便宜**。
6,cheese,End stone looks like **cheese**.,終界石看起來像**起司**。
6,China,The Great Wall of **China** build is huge.,**中國**萬里長城的建築非常巨大。
6,chocolate,Cocoa beans make **chocolate** cookies.,可可豆製作**巧克力**餅乾。
6,Christmas,Chests look like presents on **Christmas**.,在**聖誕節**時箱子看起來像禮物。
6,church,The village has a stone **church**.,村莊有一座石頭**教堂**。
6,clap,We cannot **clap** hands in game.,我們在遊戲中不能**拍**手。
6,clean,**Clean** up your inventory.,**清理**你的物品欄。
6,clerk,The villager acts like a shop **clerk**.,村民表現得像個商店**店員**。
6,climb,**Climb** the ladder.,**爬**梯子。
6,club,Join my building **club**.,加入我的建築**俱樂部**。
6,cold,It is **cold** in the snowy tundra.,在雪地凍原很**冷**。
6,comb,Honey**comb** is used for waxing copper.,蜂**巢** (蜜脾) 被用來幫銅蠟化。
6,comfortable,Make your base **comfortable**.,讓你的基地很**舒適**。
6,convenient,Nether hubs are very **convenient**.,下界交通樞紐非常**方便**。
6,corner,Hide in the **corner**.,躲在**角落**。
6,cost,What is the **cost** of this enchantment?,這個附魔的**花費**是多少？
6,couch,Sit on the **couch** (stairs).,坐在**沙發** (階梯) 上。
6,count,**Count** your emeralds.,**數**你的綠寶石。
6,cousin,Piglin Brutes are **cousin**s of Piglins.,豬布林蠻兵是豬布林的**表親**。
6,crazy,This redstone machine is **crazy**.,這個紅石機器太**瘋狂**了。
6,dead,The bush is **dead**.,這個灌木是**死**的 (枯怪木)。
6,deaf,"The Warden is blind, not **deaf**.",伏守者是瞎的，不是**聾**的。
6,deal,That is a good **deal**.,那是一個好的**交易**。
6,December,It snows in **December**.,**十二月**會下雪。
6,decide,**Decide** where to build.,**決定**要在哪裡蓋房子。
6,department store,This building is a **department store**.,這棟建築是一間**百貨公司**。
6,dictionary,The Wiki is like a **dictionary**.,維基百科就像一本**字典**。
6,different,Each biome is **different**.,每個生態域都是**不同的**。
6,doctor,"Eat a golden apple, you don't need a **doctor**.",吃金蘋果，你不需要**醫生**。
6,Dr.,Call me **Dr.** Redstone.,叫我紅石**博士**。
6,dodge ball,Avoid the arrows like **dodge ball**.,像躲**避球**一樣躲避箭矢。
6,dodgeball,Let's play **dodgeball** with snowballs.,我們用雪球來玩**躲避球**吧。
6,dot,The crosshair is a small **dot**.,準心是一個小**點**。
6,dragon,Kill the Ender **Dragon**.,殺死終界**龍**。
6,drawer,Use a barrel as a **drawer**.,使用木桶當作**抽屜**。
6,drum,Note blocks can sound like a **drum**.,音符盒可以聽起來像**鼓**。
6,during,Don't go out **during** the night.,在晚上**期間**不要出門。
6,earth,Dig up the **earth** (dirt).,挖起**泥土**。
6,east,The sun rises in the **east**.,太陽從**東方**升起。
6,Easter,Find the **Easter** egg.,尋找**復活節**彩蛋。
6,either,You can use **either** bow or crossbow.,你可以用弓**或者**十字弓。
6,elementary school,I learned this in **elementary school**.,我在**小學**學過這個。
6,else,What **else** do you need?,你**還**需要什麼？
6,e-mail,Send me the server IP via **e-mail**.,透過**電子郵件**寄伺服器 IP 給我。
6,email,I don't check **email** when playing.,玩遊戲時我不收**信**。
6,end,Go to the **End** dimension.,去**終**界維度。
6,enter,**Enter** the Nether portal.,**進入**下界傳送門。
6,eve,"On New Year's **Eve**, we watch fireworks.",在除夕**前夕**，我們看煙火。
6,example,Show me an **example** of that build.,給我看那個建築的**例子**。
6,fact,It is a **fact** that bedrock is unbreakable.,基岩無法破壞是一個**事實**。
6,factory,Build an iron golem **factory**.,蓋一座鐵魔像**工廠** (刷鐵機)。
6,famous,Dream is a **famous** player.,Dream 是一個**有名的**玩家。
6,far,The Woodland Mansion is very **far**.,林地府邸非常**遠**。
6,farmer,Trade wheat with the **farmer**.,跟**農夫**交易小麥。
6,favorite,Diamond is my **favorite** item.,鑽石是我**最喜歡的**物品。
6,February,**February** is a short month.,**二月**是一個短的月份。
6,few,I have a **few** torches left.,我剩下**一些**火把。
6,fight,**Fight** the zombies.,跟殭屍**戰鬥**。
6,fill,**Fill** the bucket with water.,把桶子**裝滿**水。
6,finally,I **finally** found diamonds!,我**終於**找到鑽石了！
6,finger,My **finger** hurts from clicking.,我的**手指**因為點擊而好痛。
6,finish,**Finish** the roof.,**完成**屋頂。
6,fisherman,The **fisherman** buys string.,**漁夫**會買線。
6,fix,**Fix** your tools with an anvil.,用鐵砧**修理**你的工具。
6,floor,The **floor** is lava!,**地版**是岩漿！
6,follow,**Follow** the map.,**跟隨**地圖。
6,front,Defend the **front** gate.,防守**前**門。
6,fun,Minecraft is **fun**.,Minecraft 很**好玩**。
6,gate,Open the fence **gate**.,打開柵欄**門**。
6,gift,This diamond is a **gift**.,這顆鑽石是一個**禮物**。
6,glass,Sand smells into **glass**.,沙子熔煉成**玻璃**。
6,glove,I need a **glove** skin.,我需要一個**手套**的皮膚。
6,goose,There is no **goose** in the game.,遊戲裡沒有**鵝**。
6,grape,Sweet berries look like **grape**s.,甜莓果看起來像**葡萄**。
6,guava,No **guava** here.,這裡沒有**芭樂**。
6,guitar,Note blocks can play **guitar** sounds.,音符盒可以彈奏**吉他**聲音。
6,habit,Closing doors is a good **habit**.,隨手關門是個好**習慣**。
6,hamburger,Steak and bread make a **hamburger**.,牛排和麵包做成**漢堡**。
6,happen,What will **happen** if I pull this?,如果我拉這個會**發生**什麼事？
6,health,Watch your **health** bar.,注意你的**血**(健康)條。
6,heart,You have ten **heart**s.,你有十顆**心**。
6,heavy,Gold armor is **heavy**.,金盔甲很**重**。
6,helpful,The Wiki is very **helpful**.,維基百科非常有**幫助**。
6,her,Give the flower to **her**.,把花給**她**。
6,hide,**Hide** from the phantom.,躲**藏**避開幻翼。
6,hike,Let's **hike** up the mountain.,我們去山區**健行**吧。
6,his,This is **his** wolf.,這是**他的**狼。
6,history,Check the server **history**.,查看伺服器**歷史**。
6,hobby,Building is my **hobby**.,建築是我的**愛好**。
6,holiday,I play all day on **holiday**.,我在**假日**整天玩。
6,hospital,He built a **hospital** for villagers.,他為村民蓋了一間**醫院**。
6,idea,I have a great **idea** for a trap.,我對陷阱有一個很棒的**點子**。
6,important,Torches are **important**.,火把是**重要的**。
6,insect,Spiders are giant **insect**s.,蜘蛛是巨大的**昆蟲**。
6,inside,Stay **inside**.,待在**裡面**。
6,jacket,My skin has a cool **jacket**.,我的皮膚有一件很酷的**夾克**。
6,January,New Year is in **January**.,新年在**一月**。
6,July,Summer break is in **July**.,暑假在**七月**。
6,June,The update came out in **June**.,更新在**六月**出來。
6,kangaroo,I wish we had a **kangaroo**.,我希望我們有**袋鼠**。
6,knife,A sword is a big **knife**.,劍是一把大**刀**。
6,know,Do you **know** how to craft a bed?,你**知道**怎麼做床嗎？
6,koala,Eucalyptus trees need **koala**s.,尤加利樹需要**無尾熊**。
6,late,It is too **late** to run.,要跑太**晚**了。
6,lazy,Pandas are **lazy**.,貓熊很**懶惰**。
6,lemon,Yellow wool looks like a **lemon**.,黃色羊毛看起來像**檸檬**。
6,let,**Let** me in.,**讓**我進去。
6,library,Find a **library** in the stronghold.,在要塞裡找**圖書館**。
6,like,I **like** survival mode.,我**喜歡**生存模式。
6,lip,Steve has no **lip**s.,史蒂夫沒有**嘴唇**。
6,listen,**Listen** to the cave sounds.,**聽**洞穴的聲音。
6,little,A **little** slime is cute.,**小**史萊姆很可愛。
6,live,I **live** in a cave.,我**住**在洞穴裡。
6,living room,Put a painting in the **living room**.,放一幅畫在**客廳**。
6,loud,Ghast screams are **loud**.,惡魂的尖叫聲很**大聲**。
6,lovely,What a **lovely** house.,多麼**可愛的**房子。
6,low,My health is **low**.,我的血量很**低**。
6,mailman,The wandering trader is like a **mailman**.,流浪商人就像**郵差**。
6,mail carrier,Use a llama as a **mail carrier**.,用駱馬當**郵差**。
6,map,Fill out the **map**.,填滿這張**地圖**。
6,March,**March** is in spring.,**三月**是在春天。
6,market,Go to the village **market**.,去村莊**市場**。
6,math,Redstone requires **math**.,紅石需要**數學**。
6,mathmathematics,Calculating coordinates is **mathematics**.,計算座標是**數學**。
6,May,**May** I join you?,我**可以**加入你嗎？ (雙關: 五月)
6,maybe,**Maybe** there is a dungeon here.,**也許**這裡有個地牢。
6,meeting,Server **meeting** at spawn.,在重生點開伺服器**會議**。
6,minute,Wait a **minute**.,等一**分鐘**。
6,month,The moon phase changes every **month** (cycle).,月相每**月** (週期) 改變。
6,most,**Most** players like diamonds.,**大部分**玩家喜歡鑽石。
6,MRT,Build an **MRT** system with minecarts.,用礦車蓋一個**捷運**系統。
6,museum,Display rare blocks in a **museum**.,在**博物館**展示稀有方塊。
6,must,You **must** eat to run.,你**必須**吃東西才能跑。
6,my,This is **my** house.,這是**我的**房子。
6,nail,Iron nuggets look like **nail**s.,鐵粒看起來像**釘子**。
6,noodle,End rods look like a glowing **noodle**.,終界燭看起來像發光的**麵條**。
6,north,Head **north**.,往**北**走。
6,November,**November** is fall.,**十一月**是秋天。
6,October,Halloween is in **October**.,萬聖節在**十月**。
6,oil,Black water looks like **oil**.,黑色的水看起來像**石油**。
6,our,This is **our** server.,這是**我們的**伺服器。
6,ox,A cow is like an **ox**.,牛就像**公牛**。
6,papaya,Orange wool looks like **papaya**.,橘色羊毛看起來像**木瓜**。
6,peach,Pink wool looks like a **peach**.,粉紅羊毛看起來像**桃子**。
6,pear,Green wool looks like a **pear**.,綠色羊毛看起來像**梨子**。
6,piano,Build a **piano** with note blocks.,用音符盒蓋一架**鋼琴**。
6,plate,Step on the pressure **plate**.,踩上壓力**板**。
6,pocket,My inventory is my **pocket**.,我的物品欄是我的**口袋**。
6,pond,Fish in the small **pond**.,在小**池塘**釣魚。
6,popcorn,Seeds look like **popcorn**.,種子看起來像**爆米花**。
6,post office,Drop items at the **post office**.,在**郵局**丟物品。
6,postcard,Maps act like a **postcard**.,地圖作用像**明信片**。
6,put,**Put** the torch on the wall.,把火把**放**在牆上。
6,quiet,Be **quiet** near the Warden.,在伏守者附近要**安靜**。
6,rat,Silverfish is like a **rat**.,蠹魚就像**老鼠**。
6,ready,Are you **ready**?,你**準備**好了嗎？
6,restroom,AFK in the **restroom**.,在**廁所**暫離。
6,roller skate,Ice boating feels like **roller skate**s.,冰上划船感覺像**溜冰**。
6,rose,Wither **rose** hurts you.,凋靈**玫瑰**會傷害你。
6,round,Slime balls are **round**.,史萊姆球是**圓的**。
6,sale,Villager **sale**s are cheap.,村民**特賣**很便宜。
6,science,Redstone is basically **science**.,紅石基本上就是**科學**。
6,sell,**Sell** rotten flesh to the cleric.,**賣**腐肉給牧師。
6,September,School starts in **September**.,學校在**九月**開學。
6,shake,Piglins **shake** when zombified.,豬布林殭屍化時會**發抖**。
6,shape,Blocks are square in **shape**.,方塊的**形狀**是正方形。
6,share,**Share** your food.,**分享**你的食物。
6,shopkeeper,The villager is a **shopkeeper**.,村民是一個**店主**。
6,shorts,My skin wears **shorts**.,我的皮膚穿**短褲**。
6,sick,Potion of weakness makes you **sick**.,虛弱藥水讓你**生病**。
6,side,Check the other **side**.,檢查另一**邊**。
6,snowy,The biome is **snowy**.,這個生態域是**多雪的**。
6,south,Go **south**.,往**南**走。
6,space,The End looks like **space**.,終界看起來像**太空**。
6,special,Golden apples are **special**.,金蘋果是**特別的**。
6,spider,Cave **spider**s are poisonous.,洞穴**蜘蛛**有毒。
6,story,Minecraft Story Mode is a **story** game.,Minecraft 故事模式是一個**故事**遊戲。
6,strawberry,Red dye looks like **strawberry** juice.,紅色染料看起來像**草莓**汁。
6,sweater,Wear a **sweater** in the snow.,在雪地穿**毛衣**。
6,tail,Wolves have a **tail**.,狼有一條**尾巴**。
6,their,Raid **their** base.,突襲**他們的**基地。
6,thick,The fog is **thick**.,霧很**厚**。
6,thin,The glass pane is **thin**.,玻璃片很**薄**。
6,thing,Craft the **thing**.,合成那個**東西**。
6,tie,The game ended in a **tie**.,遊戲以**平手**結束。
6,necktie,Villagers don't wear a **necktie**.,村民不打**領帶**。
6,tired,I am **tired** of mining.,我挖礦挖得很**累**。
6,toast,Name a rabbit **Toast**.,把兔子命名為 **Toast** (會改變外觀)。
6,tomato,Redstone block looks like a **tomato**.,紅石磚看起來像**番茄**。
6,tooth,Guardians have one sharp **tooth** (eye/laser).,深海守衛有一顆尖銳的**牙齒** (或指雷射)。(註: 實際為刺)
6,trash,Throw the **trash** in lava.,把**垃圾**丟進岩漿。
6,garbage,Cactus destroys **garbage**.,仙人掌會銷毀**垃圾**。
6,T-shirt,Steve wears a teal **T-shirt**.,史蒂夫穿一件藍綠色 **T恤**。
6,turkey,Chicken is like **turkey**.,雞肉就像**火雞**。
6,turtle,**Turtle** helmets give water breathing.,**海龜**頭盔給予水下呼吸。
6,umbrella,Use a mushroom as an **umbrella**.,用蘑菇當**雨傘**。
6,useful,Hoppers are **useful**.,漏斗很**有用**。
6,vest,Armor is a safety **vest**.,盔甲是安全**背心**。
6,video,Record a gameplay **video**.,錄製遊戲**影片**。
6,voice,Use **voice** chat.,使用**語音**聊天。
6,wallet,My **wallet** (inventory) is full.,我的**錢包** (物品欄) 滿了。
6,weak,Gold tools are **weak**.,金工具很**弱**。
6,west,The sun sets in the **west**.,太陽在**西方**落下。
6,will,I **will** build a house.,我**將要**蓋一間房子。
6,wish,I **wish** for diamonds.,我**許願**要鑽石。
6,workbook,The crafting book is my **workbook**.,合成書是我的**作業簿**。
6,would,**Would** you like some cake?,你**想要**一些蛋糕嗎？
7,across,Build a bridge **across** the lava.,蓋一座橋**跨越**岩漿。
7,action,Mining is a repetitive **action**.,挖礦是一個重複的**動作**。
7,actor,The villager acts like an **actor** in my movie.,村民在我的電影裡表現得像個**演員**。
7,almost,My pickaxe is **almost** broken.,我的鎬**幾乎**要壞了。
7,around,Look **around** for creepers.,環顧**周圍**看看有沒有苦力怕。
7,avoid,**Avoid** looking at Endermen.,**避免**看著終界使者。
7,badminton,Hit the ghast fireball like **badminton**.,像打**羽毛球**一樣打擊惡魂火球。
7,band,Note blocks can make a **band**.,音符盒可以組成一個**樂團**。
7,bat,A **bat** spawns in dark caves.,**蝙蝠**在黑暗的洞穴裡生成。
7,bear,Polar **bear**s live in ice biomes.,北極**熊**住在冰原生態域。
7,been,I have **been** to the End.,我**去過**終界。
7,behind,A creeper is **behind** you!,一隻苦力怕在你的**後面**！
7,bell,Ring the **bell** to warn villagers.,敲**鐘**來警告村民。
7,belt,Steve's pants have a **belt**.,史蒂夫的褲子有一條**皮帶**。
7,bench,Use stairs to make a park **bench**.,用階梯做一張公園**長椅**。
7,beside,Stand **beside** the chest.,站**在**箱子**旁邊**。
7,bite,Spiders can **bite** you.,蜘蛛會**咬**你。
7,blackboard,Use a sign as a **blackboard**.,使用告示牌當作**黑板**。
7,block,Everything is made of a **block**.,所有東西都是由**方塊**組成的。
7,bored,I get **bored** of mining stone.,我對挖石頭感到**無聊**。
7,boring,Waiting for crops is **boring**.,等待作物生長是**無聊的**。
7,born,Animals are **born** when you breed them.,當你繁殖動物時，牠們會**出生**。
7,bowl,Craft a **bowl** for mushroom stew.,製作一個**碗**來裝蘑菇煲。
7,bring,**Bring** me 10 diamonds.,**帶** 10 顆鑽石給我。
7,bug,Report the glitch as a **bug**.,將這個故障回報為一個 **bug** (程式錯誤)。
7,build,**Build** a house before night.,在天黑前**蓋**一間房子。
7,business,Trading is serious **business**.,交易是嚴肅的**生意**。
7,cage,Build a glass **cage** for the zombie.,為殭屍蓋一個玻璃**籠子**。
7,can,I **can** craft a sword.,我**會**製作一把劍。
7,could,I **could** not find the portal.,我找不到傳送門。
7,candle,Light a **candle** on the cake.,點燃蛋糕上的**蠟燭**。
7,carry,Llamas **carry** chests.,駱馬**搬運**箱子。
7,castle,The Nether Fortress looks like a **castle**.,下界要塞看起來像一座**城堡**。
7,center,Find the **center** of the village.,找到村莊的**中心**。
7,cheat,Enable **cheat**s to use commands.,開啟**作弊**以使用指令。
7,check,**Check** the chest for loot.,**檢查**箱子裡的戰利品。
7,chess,Build a giant **chess** board.,蓋一個巨大的**西洋棋**盤。
7,chopsticks,End rods look like **chopsticks**.,終界燭看起來像**筷子**。
7,clear,**Clear** your inventory.,**清空**你的物品欄。
7,clothes,Armor is like **clothes** for battle.,盔甲就像戰鬥用的**衣服**。
7,collect,**Collect** all the music discs.,**收集**所有的音樂唱片。
7,comic,Map art can tell a **comic** story.,地圖畫可以講述一個**漫畫**故事。
7,country,Build your own **country** with flags.,用旗幟建立你自己的**國家**。
7,course,Complete the parkour **course**.,完成跑酷**課程** (路線)。
7,dangerous,The Nether is **dangerous**.,下界是**危險的**。
7,dentist,Zombies don't need a **dentist**.,殭屍不需要**牙醫**。
7,done,The achievement is **done**.,成就**完成**了。
7,dozen,A **dozen** eggs is 12.,一**打**蛋是 12 個。
7,dream,My **dream** is to have full netherite armor.,我的**夢想**是擁有全套獄髓盔甲。
7,drop,Mobs **drop** items when killed.,怪物被殺死時會**掉落**物品。
7,ever,Have you **ever** seen a pink sheep?,你有**曾經**看過粉紅羊嗎？
7,excited,I am **excited** for the update.,我對更新感到**興奮**。
7,exciting,PVP is very **exciting**.,玩家對戰非常**刺激**。
7,excuse,Lag is not a good **excuse**.,延遲不是個好的**藉口**。
7,exercise,Running in game is good **exercise** for your fingers.,在遊戲裡跑步對你的手指是很好的**運動**。
7,find,**Find** the hidden chest.,**找**到隱藏的箱子。
7,flute,Note blocks can sound like a **flute**.,音符盒聽起來可以像**長笛**。
7,foot,The rabbit's **foot** is a potion ingredient.,兔子**腳**是藥水材料。
7,fries,Baked potatoes look like **fries**.,烤馬鈴薯看起來像**薯條**。
7,French fries,I want a **French fries** mod.,我想要一個**薯條**模組。
7,full,My inventory is **full**.,我的物品欄**滿**了。
7,future,Redstone is the technology of the **future**.,紅石是**未來**的科技。
7,game,Minecraft is the best **game**.,Minecraft 是最棒的**遊戲**。
7,garbage,Throw the **garbage** in the lava.,把**垃圾**丟進岩漿裡。
7,ghost,A Ghast looks like a giant **ghost**.,惡魂看起來像一隻巨大的**鬼**。
7,glasses,The librarian wears **glasses**.,圖書管理員戴**眼鏡**。
7,gram,Items don't have weight in **gram**s.,物品沒有以**公克**計算的重量。
7,grass,Sheep eat **grass** to regrow wool.,羊吃**草**來長回羊毛。
7,grow,Bone meal makes crops **grow** faster.,骨粉讓作物**生長**得更快。
7,guess,**Guess** the password for the door.,**猜**這扇門的密碼。
7,guy,"Hey **guy**s, let's go mining.",嘿**大伙**們，我們去挖礦吧。
7,Halloween,Mobs wear pumpkins on **Halloween**.,怪物在**萬聖節**會戴南瓜。
7,handsome,Your skin looks **handsome**.,你的皮膚看起來很**帥**。
7,happy,The villagers are **happy** after trading.,村民在交易後很**快樂**。
7,hard-working,The farmer is very **hard-working**.,農夫非常**勤勉**。
7,healthy,Eat golden apples to stay **healthy**.,吃金蘋果保持**健康**。
7,hers,That dog is **hers**.,那隻狗是**她的**。
7,hold,**Hold** a torch in your hand.,手裡**握**著火把。
7,honey,Collect **honey** from the beehive.,從蜂巢收集**蜂蜜**。
7,hunt,**Hunt** for food at night.,在晚上**打獵**找食物。
7,inch,"Blocks are one meter, not one **inch**.",方塊是一公尺，不是一**英吋**。
7,interest,I have no **interest** in PVP.,我對 PVP 沒有**興趣**。
7,interested,I am **interested** in redstone.,我對紅石**感興趣**。
7,interesting,The seed is very **interesting**.,這個種子碼非常**有趣**。
7,island,Survive on a deserted **island**.,在荒蕪的**島嶼**上生存。
7,itself,The machine repairs **itself**.,這台機器會**自我**修復。
7,jeans,Blue leather pants look like **jeans**.,藍色皮革褲看起來像**牛仔褲**。
7,joy,Finding diamonds brings **joy**.,找到鑽石帶來**喜悅**。
7,jump,**Jump** over the ravine.,**跳**過峽谷。
7,junior high school,My friends from **junior high school** play on this server.,我**國中**的朋友在這個伺服器玩。
7,just,I **just** found a temple.,我**剛剛**找到一座神廟。
7,keep,**Keep** inventory is a gamerule.,**保留**物品欄是一個遊戲規則。
7,key,A lever works like a **key**.,拉桿的作用就像一把**鑰匙**。
7,kill,Do not **kill** the villagers.,不要**殺**村民。
7,kilogram,Steve can carry million **kilogram**s.,史蒂夫可以搬運數百萬**公斤**。
7,knee,Steve cannot bend his **knee**s.,史蒂夫不能彎曲他的**膝蓋**。
7,knock,Zombies **knock** on the door.,殭屍**敲**門。
7,lake,Fishing in the **lake** is peaceful.,在**湖**邊釣魚很平靜。
7,lamp,Redstone **lamp**s light up the room.,紅石**燈**照亮房間。
7,land,Claim your **land** so no one destroys it.,領取你的**土地**這樣沒人能破壞它。
7,lantern,Hang a **lantern** from the ceiling.,從天花板掛一個**燈籠**。
7,later,I will mine **later**.,我**稍後**會去挖礦。
7,laugh,Witches make a **laugh** sound.,女巫會發出**笑**聲。
7,leader,Kill the patrol **leader** to start a raid.,殺死巡邏隊**隊長**以開始襲擊。
7,lend,**Lend** me some iron.,**借**我一些鐵。
7,letter,Write a **letter** in a book.,在書裡寫一**封信**。
7,lid,A chest **lid** opens up.,箱子**蓋**會打開。
7,life,Regenerate your **life** points.,恢復你的**生命**值。
7,list,Make a to-do **list** for your base.,為你的基地做一張待辦**清單**。
7,look,**Look** at the map.,**看**地圖。
7,lose,Don't **lose** your items in lava.,不要在岩漿裡**遺失**你的物品。
7,machine,Build a flying **machine**.,建造一台飛行**機器**。
7,mail,Check your **mail**box chest.,檢查你的**信**箱箱子。
7,mask,Wear a creeper head as a **mask**.,戴苦力怕頭當作**面具**。
7,mat,Carpet is like a floor **mat**.,地毯就像地**墊**。
7,matter,It doesn't **matter** which wood you use.,用哪種木頭都沒**關係**。
7,may,**May** I enter your house?,我**可以**進你的房子嗎？
7,might,It **might** rain soon.,**可能**快下雨了。
7,meal,Bonemeal is a good **meal** for plants.,骨粉對植物來說是很棒的**一餐**。
7,mean,What does this error **mean**?,這個錯誤是**什麼意思**？
7,meat,Cook the raw **meat**.,煮熟生**肉**。
7,medicine,A potion of healing is like **medicine**.,治療藥水就像**藥**。
7,menu,Press Esc to open the **menu**.,按 Esc 打開**選單**。
7,mile,I walked a **mile** in the game.,我在遊戲裡走了ㄧ**英里**。
7,million,I mined a **million** blocks.,我挖了一**百萬**個方塊。
7,mistake,Falling in lava was a **mistake**.,掉進岩漿是一個**錯誤**。
7,moment,"Wait a **moment**, I am crafting.",等**一下**，我正在合成。
7,mouse,Click the left **mouse** button.,點擊**滑鼠**左鍵。
7,mud,Mangrove swamps have **mud** blocks.,紅樹林沼澤有**泥巴**方塊。
7,myself,I built this by **myself**.,這是我**自己**蓋的。
7,nature,Minecraft has beautiful **nature**.,Minecraft 有美麗的**大自然**。
7,neighbor,The villager is my **neighbor**.,村民是我的**鄰居**。
7,next,Go to the **next** room.,去**下一個**房間。
7,nobody,**Nobody** is on the server.,**沒人**在伺服器上。
7,nod,Sneak (Shift) to **nod** yes.,蹲下 (Shift) 來**點頭**表示好。
7,noise,Cave **noise**s are scary.,洞穴**噪音**很可怕。
7,notebook,Write coordinates in a **notebook**.,把座標寫在**筆記本**裡。
7,nothing,There is **nothing** in the chest.,箱子裡**什麼都沒有**。
7,ours,This base is **ours**.,這個基地是**我們的**。
7,park,Build a theme **park**.,蓋一座主題**公園**。
7,PE(physical education),Parkour is like **PE** class.,跑酷就像**體育**課。
7,pipe,Hoppers act like a **pipe**.,漏斗作用像**管子**。
7,playground,The server is my **playground**.,這個伺服器是我的**遊樂場**。
7,possible,It is **possible** to beat the dragon alone.,獨自打敗龍是**可能的**。
7,pound,Smash the ground with a **pound**.,重**擊**地面。
7,prince,Save the **prince** map.,拯救**王子**地圖。
7,princess,I am the **princess** of this castle.,我是這座城堡的**公主**。
7,prize,The dragon egg is the **prize**.,龍蛋是**獎品**。
7,railway,Build a **railway** to the mine.,蓋一條**鐵路**通往礦坑。
7,railwayrailroad,Connect the stations with a **railroad**.,用**鐵路**連接車站。
7,rainbow,Sheep jeb_ changes colors like a **rainbow**.,名叫 jeb_ 的羊會像**彩虹**一樣變色。
7,recorder,Replay mod is a video **recorder**.,Replay 模組是一個影片**錄製機**。
7,refrigerator,Put ice in a chest to make a **refrigerator**.,放冰塊在箱子裡做成**冰箱**。
7,reporter,Be a news **reporter** for the server.,當伺服器的新聞**記者**。
7,rise,The sun will **rise** soon.,太陽很快就要**升起**。
7,river,Swim across the **river**.,游過這條**河**。
7,rock,Stone is a type of **rock**.,石頭是一種**岩石**。
7,screen,Press F2 to take a **screen**shot.,按 F2 截取**螢幕**畫面。
7,seat,Boats have a passenger **seat**.,船有一個乘客**座位**。
7,seesaw,Build a **seesaw** with pistons.,用活塞做一個**蹺蹺板**。
7,sharp,The sword is **sharp**ness V.,這把劍是**鋒利** V。
7,shop,Open a **shop** to sell wool.,開一間**商店**賣羊毛。
7,should,You **should** bring food.,你**應該**帶食物。
7,shoulder,Parrots sit on your **shoulder**.,鸚鵡坐在你的**肩膀**上。
7,show,**Show** me your house.,**秀**給我看你的房子。
7,sidewalk,Make a **sidewalk** with stone slabs.,用石半磚做一條**人行道**。
7,simple,This redstone door is **simple**.,這個紅石門很**簡單**。
7,since,I played **since** 2012.,我**自從** 2012 年開始玩。
7,someone,**Someone** stole my diamonds.,**有人**偷了我的鑽石。
7,someonesomebody,**Somebody** joined the game.,**某人**加入了遊戲。
7,something,Craft **something** useful.,合成**一些**有用的東西。
7,somewhere,Let's go **somewhere** new.,我們去**某個**新地方。
7,spend,**Spend** your levels on enchanting.,**花**費你的等級在附魔上。
7,strange,The End is a **strange** place.,終界是一個**奇怪的**地方。
7,stupid,Falling in the void is **stupid**.,掉進虛空是**愚蠢的**。
7,surprised,I was **surprised** by the creeper.,我被苦力怕**嚇了一跳**。
7,swing,**Swing** your sword.,**揮**舞你的劍。
7,team,Join my **team** for Bedwars.,加入我的**隊伍**打起床戰爭。
7,teenager,Many **teenager**s play this game.,很多**青少年**玩這個遊戲。
7,terrible,My aim is **terrible**.,我的瞄準**很糟**。
7,than,Gold is faster **than** diamond.,金比鑽石**更**快 (但易壞)。
7,theirs,The loot is **theirs**.,戰利品是**他們的**。
7,think,I **think** we are lost.,我**想**我們迷路了。
7,though,"I mined, **though** I found nothing.",我挖了礦，**雖然**我什麼都沒找到。
7,although,"**Although** it is night, I will run.",**雖然**是晚上，我要用跑的。
7,thousand,Travel a **thousand** blocks.,移動一**千**格。
7,throw,**Throw** an Ender Pearl.,**丟**出一顆終界珍珠。
7,time,Set the **time** to day.,設定**時間**為白天。
7,top,Climb to the **top** of the mountain.,爬到山的**頂端**。
7,total,My **total** death count is zero.,我的**總**死亡數是零。
7,towel,A banner looks like a **towel**.,旗幟看起來像一條**毛巾**。
7,traffic,Minecart **traffic** is jammed.,礦車**交通**堵塞了。
7,trouble,Don't get into **trouble** with admins.,不要跟管理員找**麻煩**。
7,twice,Click **twice** to craft all.,點擊**兩次**來合成全部。
7,typhoon,Rain looks like a **typhoon**.,下雨看起來像**颱風**。
7,until,Sleep **until** dawn.,睡**直到**黎明。
7,violin,Play a **violin** song on note blocks.,用音符盒彈奏一首**小提琴**曲。
7,wake,**Wake** up villager!,**叫醒**村民！
7,way,Do you know the **way**?,你知道**路**嗎？
7,without,Build **without** limits.,建築**沒有**極限。
7,world,Create a new **world**.,創造一個新**世界**。
7,yet,Are we there **yet**?,我們到了**沒**？
7,yours,Is this house **yours**?,這間房子是**你的**嗎？
7,yourself,Protect **yourself**.,保護**你自己**。
7,zebra,A horse with a texture pack looks like a **zebra**.,用材質包的馬看起來像**斑馬**。
8,able,Be **able** to parkour well.,要有**能力**跑酷跑得好。
8,above,The sky is **above** the clouds.,天空在雲層**上方**。
8,abroad,Traveling to the End feels like going **abroad**.,去終界旅行感覺就像**出國**。
8,act,Don't **act** like a noob.,不要**表現**得像個新手。
8,actress,Roleplay as a famous **actress**.,扮演一位有名的**女演員**。
8,ahead,Look **ahead** for traps.,往**前**看有沒有陷阱。
8,along,Build a wall **along** the river.,**沿著**河蓋一道牆。
8,already,I **already** have diamond armor.,我**已經**有鑽石盔甲了。
8,American,The server is hosted on an **American** network.,這個伺服器架設在**美國的**網路上。
8,appear,Silverfish **appear** from stone blocks.,蠹魚從石頭方塊中**出現**。
8,arrive,**Arrive** at the village before night.,在天黑前**抵達**村莊。
8,as,Play **as** a team.,**作為**一個團隊遊玩。
8,attack,**Attack** the enemy base.,**攻擊**敵人的基地。
8,aunt,My **aunt** plays Minecraft too.,我**阿姨**也玩 Minecraft。
8,balcony,Add a **balcony** to your house.,為你的房子加一個**陽台**。
8,bank,Store your emeralds in the **bank**.,把你的綠寶石存在**銀行**裡。
8,barbecue,Let's have a **barbecue** with the campfire.,我們用營火來辦個**烤肉**吧。
8,base,Defend your **base**.,防守你的**基地**。
8,bean,Cocoa **bean**s grow on jungle wood.,可可**豆**長在叢林木上。
8,belong,This wolf **belong**s to me.,這隻狼**屬於**我。
8,below,Diamonds are found **below** Y level 16.,鑽石在 Y 軸 16 **以下**被發現 (舊版本)。
8,bless,Clerics might **bless** you.,牧師可能會**祝福**你。
8,blind,The blindness effect makes you **blind**.,失明效果讓你**看不見**。
8,boil,"Lava makes water **boil** (in logic, not game mechanic).",岩漿讓水**沸騰** (邏輯上，非遊戲機制)。
8,book,Enchant a **book**.,附魔一**本**書。
8,bow,Shoot arrows with a **bow**.,用**弓**射箭。
8,break,Don't **break** the spawner.,不要**破壞**生怪磚。
8,bridge,Bridge **bridge** over the void.,在虛空上搭**橋**。
8,bright,Torches make the room **bright**.,火把讓房間很**明亮**。
8,brush,Use a **brush** on suspicious sand.,在可疑的沙子上使用**刷子**。
8,burn,Zombies **burn** in daylight.,殭屍在日光下會**燃燒**。
8,businessman,The villager is a smart **businessman**.,村民是個聰明的**商人**。
8,butterfly,We need a **butterfly** mod.,我們需要一個**蝴蝶**模組。
8,by,Stand **by** the door.,站**在**門**邊**。
8,call,**Call** your friends to join.,**叫**你的朋友加入。
8,case,"In **case** of fire, break glass.",萬一發生火**災** (情況)，打破玻璃。
8,celebrate,**Celebrate** defeating the dragon.,**慶祝**打敗終界龍。
8,centimeter,A block is 100 **centimeter**s wide.,一個方塊有 100 **公分**寬。
8,change,**Change** your skin.,**改變**你的皮膚。
8,cheer,**Cheer** for the winner.,為贏家**歡呼**。
8,chinese,Type in **Chinese** chat.,在**中文**聊天頻道打字。
8,choose,**Choose** your starter Pokemon (pixelmon).,**選擇**你的初始寶可夢 (Pixelmon模組)。
8,circle,Don't build a **circle** in Minecraft.,不要在 Minecraft 裡蓋**圓形** (這是違法的)。
8,common,Zombies are a **common** mob.,殭屍是**常見的**怪物。
8,cool,Ice biome is very **cool**.,冰原生態域非常**涼爽**。
8,copy,**Copy** the building design.,**複製**這個建築設計。
8,correct,That is the **correct** password.,那是**正確的**密碼。
8,cover,**Cover** the hole with dirt.,用泥土**蓋住**這個洞。
8,cross,**Cross** the ocean by boat.,搭船**穿越**海洋。
8,dark,It is **dark** in the cave.,洞穴裡很**暗**。
8,dumpling,Pretend the snowball is a **dumpling**.,假裝雪球是一顆**水餃**。
8,engineer,Redstone **engineer**s are smart.,紅石**工程師**很聰明。
8,envelope,Map art looks like an **envelope**.,地圖畫看起來像**信封**。
8,excellent,This is an **excellent** seed.,這是一個**極佳的**種子碼。
8,except,Kill all mobs **except** the dog.,殺死所有怪物，**除了**那隻狗。
8,expensive,Netherite is very **expensive**.,獄髓非常**昂貴**。
8,experience,Collect **experience** orbs.,收集**經驗**球。
8,fail,Don't **fail** the parkour jump.,不要在跑酷跳躍時**失敗**。
8,fan,I am a **fan** of Dream.,我是 Dream 的**粉絲**。
8,festival,Build a firework **festival**.,舉辦一場煙火**節慶**。
8,fever,Zombie villagers have a **fever**.,殭屍村民發**燒**了 (虛弱狀態)。
8,for,This gift is **for** you.,這個禮物是**給**你的。
8,foreign,Explore **foreign** lands.,探索**外國的** (陌生的) 土地。
8,foreigner,Meet a **foreigner** on the server.,在伺服器上遇見**外國人**。
8,free,This server is **free** to play.,這個伺服器是**免費**遊玩的。
8,fresh,Eat **fresh** bread.,吃**新鮮的**麵包。
8,fry,**Fry** the fish in the furnace.,在熔爐裡**煎**魚。
8,funny,The skin looks **funny**.,這個皮膚看起來很**好笑**。
8,gas,Ghasts float like **gas** balloons.,惡魂像瓦斯(**氣體**)氣球一樣漂浮。
8,giant,Spawn a **giant** zombie with commands.,用指令生成一隻**巨大**殭屍。
8,grade,What is your building **grade**?,你的建築**等級** (分數) 是多少？
8,ground,Dig a hole in the **ground**.,在**地**上挖一個洞。
8,group,Join a **group**.,加入一個**群組**。
8,half,A slab is **half** a block.,半磚是**一半**的方塊。
8,hang,**Hang** the painting.,**掛**上這幅畫。
8,have,I **have** a diamond sword.,我**有**一把鑽石劍。
8,headache,Redstone gives me a **headache**.,紅石讓我**頭痛**。
8,heat,The **heat** from lava burns you.,岩漿的**熱度**會燒傷你。
8,herself,She built it **herself**.,她**自己**蓋的。
8,hill,Build a house on the **hill**.,在**山丘**上蓋房子。
8,himself,He crafted it **himself**.,他**自己**合成的。
8,hit,**Hit** the mob with a sword.,用劍**打**怪物。
8,honest,Be an **honest** player.,當一個**誠實的**玩家。
8,however,"I have iron, **however** I need gold.",我有鐵，**然而**我需要金。
8,hurt,Fall damage will **hurt** you.,墜落傷害會**傷害**你。
8,if,"**If** you die, you lose items.",**如果**你死了，你會失去物品。
8,Internet,You need **Internet** for multiplayer.,你需要**網路**才能玩多人連線。
8,interview,Watch the developer **interview**.,觀看開發者**訪談**。
8,kind,What **kind** of wood is this?,這是哪一**種**木頭？
8,knowledge,The book gives **knowledge**.,這本書給予**知識**。
8,language,Change the game **language**.,更改遊戲**語言**。
8,lawyer,We need a **lawyer** for the server court.,我們需要一位**律師**來處理伺服器法庭。
8,lead,Use a **lead** to pull the horse.,使用**拴繩**拉馬。
8,least,You need at **least** two diamonds.,你**至少**需要兩顆鑽石。
8,leave,Don't **leave** the tree floating.,不要**留**下浮空的樹。
8,less,Gold has **less** durability than iron.,金的耐久度比鐵**少**。
8,lettuce,"There is no **lettuce**, only leaves.",沒有**生菜**，只有樹葉。
8,lie,The cake is a **lie**.,蛋糕是個**謊言** (傳送門梗)。
8,light,We need more **light** here.,我們這裡需要更多**光**。
8,line,Stand in a **line**.,排成一**列**。
8,lonely,Singleplayer can be **lonely**.,單人遊戲可能會很**孤單**。
8,mad,The admin is **mad** at griefers.,管理員對破壞者很**生氣**。
8,magic,Potions are **magic**.,藥水是**魔法**。
8,make,**Make** a crafting table.,**做**一個工作台。
8,mark,**Mark** the location on the map.,在地圖上**標記**這個位置。
8,married,Villagers don't get **married**.,村民不會**結婚**。
8,medium,"Slimes come in small, **medium**, and large.",史萊姆有小、**中**、大三種。
8,mind,**Mind** the gap.,**留意**間隙。
8,mine,**Mine** the diamonds.,**挖**鑽石。
8,miss,Don't **miss** with your bow.,你的弓箭不要**失誤** (射偏)。
8,modern,Build a **modern** house.,蓋一間**現代**房子。
8,mop,We don't need to **mop** the floor.,我們不需要**拖**地。
8,move,WASD to **move**.,用 WASD **移動**。
8,national,Join the **national** server.,加入**國家**伺服器。
8,note,Read the **note** in the book.,閱讀書裡的**筆記**。
8,notice,Did you **notice** the secret door?,你有**注意**到秘密門嗎？
8,off,Turn the lever **off**.,把拉桿**關**掉。
8,officer,Server police **officer**.,伺服器警察**官**。
8,ourselves,We built it **ourselves**.,我們**自己**蓋的。
8,own,I **own** this territory.,我**擁有**這塊領地。
8,pack,Download a resource **pack**.,下載一個資源**包**。
8,package,The mod is a software **package**.,模組是一個軟體**包**。
8,paint,**Paint** a banner.,**畫**一面旗幟 (指設計圖案)。
8,pair,Find a **pair** of sheep.,找一**對**羊。
8,paste,Copy and **paste** the command.,複製並**貼上**指令。
8,perhaps,**Perhaps** there is loot here.,**也許**這裡有戰利品。
8,piece,I need a **piece** of coal.,我需要一**塊**煤炭。
8,planet,Minecraft is a square **planet**.,Minecraft 是一個方形**星球**。
8,plant,**Plant** the sapling.,**種**樹苗。
8,play,**Play** the game.,**玩**遊戲。
8,player,Report the bad **player**.,檢舉壞**玩家**。
8,pleasure,It is a **pleasure** to trade.,很**榮幸**能交易。
8,point,**Point** your crosshair.,**指向**你的準心。
8,police,Iron Golems are the village **police**.,鐵魔像是村莊的**警察**。
8,polite,Be **polite** in chat.,在聊天中要**有禮貌**。
8,poor,"I am **poor**, I have no diamonds.",我很**窮**，我沒有鑽石。
8,popular,Bedwars is a **popular** minigame.,起床戰爭是一個**受歡迎的**小遊戲。
8,pot,Put a flower in the **pot**.,把花放進花**盆**。
8,power,Redstone **power** is on.,紅石**電源**開啟了。
8,pretty,The garden is **pretty**.,花園很**漂亮**。
8,program,Mods are external **program**s.,模組是外部**程式**。
8,proud,I am **proud** of my build.,我為我的建築感到**驕傲**。
8,public,This is a **public** server.,這是一個**公開**伺服器。
8,pumpkin,Wear a **pumpkin** to hide from Endermen.,戴上**南瓜**來躲避終界使者。
8,quarter,A **quarter** of a stack is 16.,一組的**四分之一**是 16。
8,quite,The ravine is **quite** deep.,這個峽谷**相當**深。
8,quiz,Take a Minecraft trivia **quiz**.,參加一個 Minecraft 知識**測驗**。
8,race,Boat **race** on ice.,冰上划船**比賽**。
8,raise,**Raise** your shield.,**舉**起你的盾牌。
8,rest,Take a **rest** in the bed.,在床上**休息**。
8,rich,I am **rich** with emeralds.,我很**富有**，有很多綠寶石。
8,ring,The bell has a loud **ring**.,鐘有很大聲的**鈴聲**。
8,roll,**Roll** the dice (plugin).,**擲**骰子 (插件)。
8,roller blade,"No **roller blade**s, just boats.",沒有**直排輪**，只有船。
8,rule,Read the server **rule**s.,閱讀伺服器**規則**。
8,sail,**Sail** the boat.,**航行**這艘船。
8,salesman,The wandering trader is a **salesman**.,流浪商人是一個**推銷員**。
8,save,**Save** your world backup.,**儲存**你的世界備份。
8,scooter,No **scooter**s here.,這裡沒有**滑板車**。
8,secretary,Villagers don't need a **secretary**.,村民不需要**秘書**。
8,sentence,Write a **sentence** on the sign.,在告示牌上寫一個**句子**。
8,serious,Hardcore mode is **serious**.,極限模式是**嚴肅的**。
8,set,**Set** the spawn point.,**設定**重生點。
8,shall,**Shall** we go to the Nether?,我們**要**去下界嗎？
8,shine,Glowstone **shine**s in the dark.,螢光石在黑暗中**發光**。
8,sight,Keep the mob in **sight**.,保持怪物在**視野**內。
8,sign,Read the warning **sign**.,閱讀警告**告示牌**。
8,slide,**Slide** on the ice.,在冰上**滑行**。
8,slim,Alex has **slim** arms.,艾力克斯有**纖細的**手臂。
8,smoke,Campfires create **smoke**.,營火產生**煙霧**。
8,soldier,Be a **soldier** in the clan war.,在公會戰中當一名**士兵**。
8,sore,My eyes are **sore** from playing.,我的眼睛因為玩遊戲而**痠痛**。
8,spaghetti,Lava flows like **spaghetti** sauce.,岩漿流得像**義大利麵**醬。
8,square,Every block is a **square**.,每個方塊都是**正方形**。
8,stairs,Build **stairs** to the roof.,蓋**樓梯**通往屋頂。
8,stomach,Rotten flesh hurts your **stomach**.,腐肉傷你的**胃** (飢餓效果)。
8,straight,Dig **straight** ahead.,往**直**前方挖。
8,stranger,Don't trust a **stranger**.,不要相信**陌生人**。
8,straw,Hay bales look like **straw**.,乾草捆看起來像**稻草**。
8,subject,Redstone is a hard **subject**.,紅石是一門困難的**科目**。
8,successful,The raid was **successful**.,襲擊**成功**了。
8,surprise,Creeper is a bad **surprise**.,苦力怕是一個壞的**驚喜**。
8,take,**Take** the loot.,**拿**走戰利品。
8,taste,Cake **taste**s good.,蛋糕**嚐**起來很好。
8,temple,Loot the desert **temple**.,搜刮沙漠**神廟**。
8,theater,Build a movie **theater**.,蓋一間電影**院**。
8,themselves,Villagers heal **themselves**.,村民會治療**他們自己** (睡覺時)。
8,then,"Mine first, **then** craft.",先挖礦，**然後**合成。
8,throat,Endermen make sounds from their **throat**.,終界使者從**喉嚨**發出聲音。
8,tidy,Keep your chest **tidy**.,保持你的箱子**整潔**。
8,tool,Diamond is the best **tool** material.,鑽石是最好的**工具**材料。
8,touch,Silk **Touch** picks up glass.,絲綢之**觸** (精準採集) 可以採集玻璃。
8,treat,Pumpkin pie is a **treat**.,南瓜派是個**點心**。
8,trick,Do a boat **trick**.,做一個船的**特技**。
8,tub,Cauldron acts like a **tub**.,鍋釜作用像個**澡盆**。
8,turn,**Turn** around.,**轉**身。
8,type,**Type** commands in chat.,在聊天欄**打**指令。
8,uncle,Notch is like the **uncle** of Minecraft.,Notch 就像 Minecraft 的**叔叔**。
8,uniform,Wear a team **uniform** (skin).,穿隊**服** (皮膚)。
8,watermelon,Melon blocks are **watermelon**s.,西瓜方塊就是**西瓜**。
8,wave,**Wave** your hand (emote).,**揮**手 (表情動作)。
8,whale,I wish there were **whale**s.,我希望有**鯨魚**。
8,whether,Check **whether** it is raining.,檢查**是否**在下雨。
8,whose,**Whose** dog is this?,這是**誰的**狗？
8,wise,The librarian is **wise**.,圖書管理員是**有智慧的**。
8,yourselves,Craft it **yourselves**.,你們**自己**合成。
8,yummy,Cooked porkchop is **yummy**.,熟豬排很**好吃**。
